route_name,route_link,Bus_Name,Bus_Type,Departing_Time,Duration,Reaching_Time,Star_Rating,Price,Seat_Availability
Tezpur to Guwahati,https://www.redbus.in/bus-tickets/tezpur-to-guwahati,Assam State Transport Corporation (ASTC) - 135927,Volvo AC Seater 2+2,07:10,04h 30m,11:40,4.3,298,17 Seats available
Tezpur to Guwahati,https://www.redbus.in/bus-tickets/tezpur-to-guwahati,Assam State Transport Corporation (ASTC) - 177278,Tata A/C Seater (2+2),07:35,04h 10m,11:45,4.1,298,16 Seats available
Tezpur to Guwahati,https://www.redbus.in/bus-tickets/tezpur-to-guwahati,Assam State Transport Corporation (ASTC) - 153223,Bharat Benz A/C Seater (2+2),09:15,04h 15m,13:30,4.1,298,24 Seats available
Tezpur to Guwahati,https://www.redbus.in/bus-tickets/tezpur-to-guwahati,Assam State Transport Corporation (ASTC) - 170878,Bharat Benz A/C Seater (2+2),10:35,04h 40m,15:15,4.6,298,22 Seats available
Tezpur to Guwahati,https://www.redbus.in/bus-tickets/tezpur-to-guwahati,Assam State Transport Corporation (ASTC) - 154930,Volvo AC Seater 2+2,15:45,04h 15m,20:00,4.1,298,21 Seats available
Tezpur to Guwahati,https://www.redbus.in/bus-tickets/tezpur-to-guwahati,Assam State Transport Corporation (ASTC) - 161055,Volvo AC Seater 2+2,16:15,04h 15m,20:30,4.4,298,5 Seats available
Tezpur to Guwahati,https://www.redbus.in/bus-tickets/tezpur-to-guwahati,MAA Anada (UNDER ASTC),AC Seater (2+2),05:20,03h 10m,08:30,3.1,304.2,20 Seats available
Tezpur to Guwahati,https://www.redbus.in/bus-tickets/tezpur-to-guwahati,Kanchan Travels,AC Seater (2+2),05:30,03h 15m,08:45,4.3,346,25 Seats available
Tezpur to Guwahati,https://www.redbus.in/bus-tickets/tezpur-to-guwahati,Mahalaxmi Travels,A/C Seater (2+2),09:45,03h 45m,13:30,4.5,315,36 Seats available
Tezpur to Guwahati,https://www.redbus.in/bus-tickets/tezpur-to-guwahati,Mahi Travels(Under ASTC),A/C Seater (2+2),05:40,03h 15m,08:55,4.5,357,4 Seats available
Tezpur to Guwahati,https://www.redbus.in/bus-tickets/tezpur-to-guwahati,WARISPIYA TRAVELS,AC Seater (2+2),05:45,03h 15m,09:00,4.2,360,19 Seats available
Tezpur to Guwahati,https://www.redbus.in/bus-tickets/tezpur-to-guwahati,Orient Transline,A/C Seater (2+1),05:55,03h 05m,09:00,4.2,342.86,13 Seats available
Tezpur to Guwahati,https://www.redbus.in/bus-tickets/tezpur-to-guwahati,Puja (Kaybom),A/C Seater Push Back (2+2),06:10,03h 50m,10:00,4.3,314,26 Seats available
Tezpur to Guwahati,https://www.redbus.in/bus-tickets/tezpur-to-guwahati,WARISPIYA TRAVELS,Bharat Benz A/C Seater (2+2),06:30,03h 55m,10:25,4.4,360,28 Seats available
Tezpur to Guwahati,https://www.redbus.in/bus-tickets/tezpur-to-guwahati,Orient Transline,A/C Seater (2+1),06:45,03h 25m,10:10,4.7,361.9,14 Seats available
Tezpur to Guwahati,https://www.redbus.in/bus-tickets/tezpur-to-guwahati,Mahi Travels(Under ASTC),A/C Seater (2+2),08:00,03h 30m,11:30,3.7,395,27 Seats available
Tezpur to Guwahati,https://www.redbus.in/bus-tickets/tezpur-to-guwahati,Upasana Travels (Under ASTC),Non AC Seater (2+2),06:50,17h 15m,00:05,3.7,290,8 Seats available
Tezpur to Guwahati,https://www.redbus.in/bus-tickets/tezpur-to-guwahati,Orient Transline,A/C Seater (2+1),07:20,03h 40m,11:00,4.2,361.9,19 Seats available
Tezpur to Guwahati,https://www.redbus.in/bus-tickets/tezpur-to-guwahati,WARISPIYA TRAVELS,AC Seater (2+2),07:45,04h 15m,12:00,3.1,360,26 Seats available
Tezpur to Guwahati,https://www.redbus.in/bus-tickets/tezpur-to-guwahati,Pranjit Travels (Under ASTC),NON A/C Seater (2+1),10:10,04h 50m,15:00,3.0,450,34 Seats available
Tezpur to Guwahati,https://www.redbus.in/bus-tickets/tezpur-to-guwahati,Karisma (Aziba),NON A/C Seater (2+1),09:45,04h 25m,14:10,4.4,347,25 Seats available
Tezpur to Guwahati,https://www.redbus.in/bus-tickets/tezpur-to-guwahati,Pranjit Travels (Under ASTC),NON A/C Seater (2+1),11:30,05h 15m,16:45,4.0,450,28 Seats available
Tezpur to Guwahati,https://www.redbus.in/bus-tickets/tezpur-to-guwahati,Chartered Bus - ASTC,A/C Seater Push Back (2+2),11:30,04h 45m,16:15,4.6,356.23,25 Seats available
Tezpur to Guwahati,https://www.redbus.in/bus-tickets/tezpur-to-guwahati,Chartered Bus - ASTC,Volvo AC Seater Pushback 2+2,13:00,04h 00m,17:00,3.5,389.13,8 Seats available
Tezpur to Guwahati,https://www.redbus.in/bus-tickets/tezpur-to-guwahati,BARBIE TRAVELS,A/C Seater Push Back (2+2),13:10,04h 40m,17:50,4.6,450,34 Seats available
Tezpur to Guwahati,https://www.redbus.in/bus-tickets/tezpur-to-guwahati,Chartered Bus - ASTC,Volvo AC Seater Pushback 2+2,14:30,04h 00m,18:30,4.4,432.06,9 Seats available
Tezpur to Guwahati,https://www.redbus.in/bus-tickets/tezpur-to-guwahati,Chartered Bus - ASTC,Volvo AC Seater Pushback 2+2,15:30,03h 45m,19:15,3.0,474.22,14 Seats available
Tezpur to Guwahati,https://www.redbus.in/bus-tickets/tezpur-to-guwahati,BLUE HILL TRAVELS INDIA LIMITED,NON A/C Seater Semi Sleeper (2+1),21:30,06h 00m,03:30,2.9,400,23 Seats available
Tezpur to Guwahati,https://www.redbus.in/bus-tickets/tezpur-to-guwahati,Pranjit Travels (Under ASTC),NON A/C Seater (2+1),01:15,05h 15m,06:30,2.1,450,12 Seats available
Tezpur to Guwahati,https://www.redbus.in/bus-tickets/tezpur-to-guwahati,Upasana Travels (Under ASTC),A/C Seater (2+2),06:35,04h 05m,10:40,2.7,285,18 Seats available
Tezpur to Guwahati,https://www.redbus.in/bus-tickets/tezpur-to-guwahati,Brindaban Travels,Non AC Seater (2+2),09:15,04h 00m,13:15,2.1,300,35 Seats available
Tezpur to Guwahati,https://www.redbus.in/bus-tickets/tezpur-to-guwahati,Himalayan Travels,NON AC Seater / Sleeper 2+1,23:40,04h 20m,04:00,3.5,500,22 Seats available
Tezpur to Guwahati,https://www.redbus.in/bus-tickets/tezpur-to-guwahati,BLUE HILL TRAVELS INDIA LIMITED,NON A/C Seater Semi Sleeper (2+1),22:15,05h 30m,03:45,2.5,550,18 Seats available
Tezpur to Guwahati,https://www.redbus.in/bus-tickets/tezpur-to-guwahati,Pranjit Travels (Under ASTC),Bharat Benz A/C Seater (2+1),01:15,05h 00m,06:15,4.0,550,10 Seats available
Tezpur to Guwahati,https://www.redbus.in/bus-tickets/tezpur-to-guwahati,Shopuris Travels,Non AC Seater (2+1),23:00,05h 00m,04:00,N/A,550,32 Seats available
Tezpur to Guwahati,https://www.redbus.in/bus-tickets/tezpur-to-guwahati,Mahi Travels(Under ASTC),Bharat Benz A/C Seater (2+2),06:15,03h 35m,09:50,N/A,347,23 Seats available
Guwahati to Tezpur,https://www.redbus.in/bus-tickets/guwahati-to-tezpur,Assam State Transport Corporation (ASTC) - 139846,Volvo AC Seater 2+2,06:10,03h 50m,10:00,4.3,298,1 Seat available
Guwahati to Tezpur,https://www.redbus.in/bus-tickets/guwahati-to-tezpur,Assam State Transport Corporation (ASTC) - 149849,Volvo AC Seater 2+2,06:30,04h 15m,10:45,4.2,298,1 Seat available
Guwahati to Tezpur,https://www.redbus.in/bus-tickets/guwahati-to-tezpur,Assam State Transport Corporation (ASTC) - 143955,Bharat Benz A/C Seater (2+2),07:00,04h 00m,11:00,4.1,298,22 Seats available
Guwahati to Tezpur,https://www.redbus.in/bus-tickets/guwahati-to-tezpur,Assam State Transport Corporation (ASTC) - 173419,Bharat Benz A/C Seater (2+2),07:15,03h 35m,10:50,3.8,298,1 Seat available
Guwahati to Tezpur,https://www.redbus.in/bus-tickets/guwahati-to-tezpur,Assam State Transport Corporation (ASTC) - 175310,Bharat Benz A/C Seater (2+2),08:30,04h 15m,12:45,3.5,298,1 Seat available
Guwahati to Tezpur,https://www.redbus.in/bus-tickets/guwahati-to-tezpur,Assam State Transport Corporation (ASTC) - 154910,Bharat Benz A/C Seater (2+2),10:30,04h 30m,15:00,3.8,298,16 Seats available
Guwahati to Tezpur,https://www.redbus.in/bus-tickets/guwahati-to-tezpur,Assam State Transport Corporation (ASTC) - 139720,Volvo AC Seater 2+2,13:45,04h 15m,18:00,4.0,298,24 Seats available
Guwahati to Tezpur,https://www.redbus.in/bus-tickets/guwahati-to-tezpur,Assam State Transport Corporation (ASTC) - 177276,Tata A/C Seater (2+2),15:15,04h 15m,19:30,4.0,298,15 Seats available
Guwahati to Tezpur,https://www.redbus.in/bus-tickets/guwahati-to-tezpur,Chartered Bus - ASTC,Volvo AC Seater Pushback 2+2,06:15,04h 30m,10:45,4.6,389.13,3 Seats available
Guwahati to Tezpur,https://www.redbus.in/bus-tickets/guwahati-to-tezpur,Yatra Travels,NON A/C Seater (2+1),07:00,05h 00m,12:00,4.2,495,10 Seats available
Guwahati to Tezpur,https://www.redbus.in/bus-tickets/guwahati-to-tezpur,Chartered Bus - ASTC,A/C Seater Push Back (2+2),07:00,04h 00m,11:00,4.3,485.57,2 Seats available
Guwahati to Tezpur,https://www.redbus.in/bus-tickets/guwahati-to-tezpur,Chartered Bus - ASTC,Volvo Multi-Axle I-Shift B11R Semi Sleeper (2+2),07:30,04h 00m,11:30,4.7,410.69,11 Seats available
Guwahati to Tezpur,https://www.redbus.in/bus-tickets/guwahati-to-tezpur,Chartered Bus - ASTC,Volvo AC Seater Pushback 2+2,08:30,04h 00m,12:30,4.8,432.06,21 Seats available
Guwahati to Tezpur,https://www.redbus.in/bus-tickets/guwahati-to-tezpur,Orient Transline,A/C Seater (2+1),11:30,04h 20m,15:50,4.0,380.95,18 Seats available
Guwahati to Tezpur,https://www.redbus.in/bus-tickets/guwahati-to-tezpur,Orient Transline,A/C Seater (2+1),12:15,04h 45m,17:00,4.5,380.95,20 Seats available
Guwahati to Tezpur,https://www.redbus.in/bus-tickets/guwahati-to-tezpur,Mahi Travels(Under ASTC),A/C Seater (2+2),10:00,05h 00m,15:00,4.1,450,19 Seats available
Guwahati to Tezpur,https://www.redbus.in/bus-tickets/guwahati-to-tezpur,Orient Transline,A/C Seater (2+1),13:00,04h 10m,17:10,4.2,380.95,17 Seats available
Guwahati to Tezpur,https://www.redbus.in/bus-tickets/guwahati-to-tezpur,Mahi Travels(Under ASTC),A/C Seater (2+2),14:15,03h 35m,17:50,4.5,477,25 Seats available
Guwahati to Tezpur,https://www.redbus.in/bus-tickets/guwahati-to-tezpur,WARISPIYA TRAVELS,AC Seater (2+2),15:00,03h 40m,18:40,4.3,360,23 Seats available
Guwahati to Tezpur,https://www.redbus.in/bus-tickets/guwahati-to-tezpur,Mahi Travels(Under ASTC),Bharat Benz A/C Seater (2+2),10:30,04h 55m,15:25,3.8,440,29 Seats available
Guwahati to Tezpur,https://www.redbus.in/bus-tickets/guwahati-to-tezpur,WARISPIYA TRAVELS,AC Seater (2+2),15:35,03h 40m,19:15,3.9,360,32 Seats available
Guwahati to Tezpur,https://www.redbus.in/bus-tickets/guwahati-to-tezpur,WARISPIYA TRAVELS,Bharat Benz A/C Seater (2+2),16:15,03h 25m,19:40,4.3,360,20 Seats available
Guwahati to Tezpur,https://www.redbus.in/bus-tickets/guwahati-to-tezpur,Mahalaxmi Travels,A/C Seater (2+2),14:35,03h 40m,18:15,3.8,315,40 Seats available
Guwahati to Tezpur,https://www.redbus.in/bus-tickets/guwahati-to-tezpur,Kalpana Travels,AC Seater (2+2),16:50,03h 25m,20:15,4.8,342,34 Seats available
Guwahati to Tezpur,https://www.redbus.in/bus-tickets/guwahati-to-tezpur,Puja (Kaybom),A/C Seater Push Back (2+2),17:30,03h 30m,21:00,3.2,314,40 Seats available
Guwahati to Tezpur,https://www.redbus.in/bus-tickets/guwahati-to-tezpur,Yatra Travels,NON A/C Seater (2+1),18:00,05h 30m,23:30,3.5,500,5 Seats available
Guwahati to Tezpur,https://www.redbus.in/bus-tickets/guwahati-to-tezpur,Yatra Travels,NON AC Seater/ Sleeper (2+1),20:00,04h 00m,00:00,2.8,500,5 Seats available
Guwahati to Tezpur,https://www.redbus.in/bus-tickets/guwahati-to-tezpur,Karisma (Aziba),NON A/C Seater (2+1),05:45,04h 55m,10:40,4.2,347,9 Seats available
Guwahati to Tezpur,https://www.redbus.in/bus-tickets/guwahati-to-tezpur,Yatra Travels,NON AC Seater/ Sleeper (2+1),20:30,04h 30m,01:00,2.8,500,7 Seats available
Guwahati to Tezpur,https://www.redbus.in/bus-tickets/guwahati-to-tezpur,MAA Anada (UNDER ASTC),AC Seater (2+2),09:30,05h 15m,14:45,3.1,328.5,25 Seats available
Guwahati to Tezpur,https://www.redbus.in/bus-tickets/guwahati-to-tezpur,KIRAN TRAVELS,A/C Seater (2+1),20:40,03h 50m,00:30,2.1,540,5 Seats available
Guwahati to Tezpur,https://www.redbus.in/bus-tickets/guwahati-to-tezpur,BLUE HILL TRAVELS INDIA LIMITED,NON A/C Seater Semi Sleeper (2+1),09:30,03h 30m,13:00,2.6,350,24 Seats available
Guwahati to Tezpur,https://www.redbus.in/bus-tickets/guwahati-to-tezpur,NETWORK TRAVELS,NON A/C Seater Push Back (2+2),10:30,05h 45m,16:15,2.6,250,13 Seats available
Guwahati to Tezpur,https://www.redbus.in/bus-tickets/guwahati-to-tezpur,Upasana Travels (Under ASTC),Non AC Seater (2+2),11:00,04h 00m,15:00,2.3,290,20 Seats available
Guwahati to Tezpur,https://www.redbus.in/bus-tickets/guwahati-to-tezpur,Upasana Travels (Under ASTC),A/C Seater (2+2),11:30,04h 30m,16:00,2.0,300,15 Seats available
Guwahati to Tezpur,https://www.redbus.in/bus-tickets/guwahati-to-tezpur,DESTINY TRAVELS,NON A/C Seater (2+1),17:45,06h 20m,00:05,1.7,441,21 Seats available
Guwahati to Tezpur,https://www.redbus.in/bus-tickets/guwahati-to-tezpur,Brindaban Travels,Non AC Seater (2+2),17:15,04h 00m,21:15,1.0,300,35 Seats available
Guwahati to Tezpur,https://www.redbus.in/bus-tickets/guwahati-to-tezpur,Shopuris Travels,Non AC Seater (2+1),17:30,05h 00m,22:30,4.0,500,32 Seats available
Guwahati to Tezpur,https://www.redbus.in/bus-tickets/guwahati-to-tezpur,Himalayan Travels,NON AC Seater / Sleeper 2+1,20:30,06h 00m,02:30,2.9,500,31 Seats available
Guwahati to Tezpur,https://www.redbus.in/bus-tickets/guwahati-to-tezpur,RAYAN TRAVELS,Non A/C Seater / Sleeper (2+1),19:15,04h 44m,23:59,N/A,650,5 Seats available
Guwahati to Tezpur,https://www.redbus.in/bus-tickets/guwahati-to-tezpur,BLUE HILL TRAVELS INDIA LIMITED,NON A/C Seater Semi Sleeper (2+1),20:00,05h 15m,01:15,N/A,600,4 Seats available
Guwahati to Nagaon (Assam),https://www.redbus.in/bus-tickets/guwahati-to-nagaon,Assam State Transport Corporation (ASTC) - 149849,Volvo AC Seater 2+2,06:30,02h 30m,09:00,4.3,191,1 Seat available
Guwahati to Nagaon (Assam),https://www.redbus.in/bus-tickets/guwahati-to-nagaon,Assam State Transport Corporation (ASTC) - 143955,Bharat Benz A/C Seater (2+2),07:00,02h 30m,09:30,3.5,191,20 Seats available
Guwahati to Nagaon (Assam),https://www.redbus.in/bus-tickets/guwahati-to-nagaon,Assam State Transport Corporation (ASTC) - 154910,Bharat Benz A/C Seater (2+2),10:30,02h 30m,13:00,3.8,191,16 Seats available
Guwahati to Nagaon (Assam),https://www.redbus.in/bus-tickets/guwahati-to-nagaon,Assam State Transport Corporation (ASTC) - 146146,Bharat Benz A/C Seater (2+2),13:00,03h 00m,16:00,4.1,191,4 Seats available
Guwahati to Nagaon (Assam),https://www.redbus.in/bus-tickets/guwahati-to-nagaon,Assam State Transport Corporation (ASTC) - 146079,Bharat Benz A/C Seater (2+2),15:00,03h 00m,18:00,3.7,191,29 Seats available
Guwahati to Nagaon (Assam),https://www.redbus.in/bus-tickets/guwahati-to-nagaon,Assam State Transport Corporation (ASTC) - 177276,Tata A/C Seater (2+2),15:15,02h 45m,18:00,3.9,191,15 Seats available
Guwahati to Nagaon (Assam),https://www.redbus.in/bus-tickets/guwahati-to-nagaon,Kareng Travels,Non AC Seater (2+1),05:00,02h 30m,07:30,4.7,300,2 Seats available
Guwahati to Nagaon (Assam),https://www.redbus.in/bus-tickets/guwahati-to-nagaon,Chartered Bus - ASTC,Volvo AC Seater Pushback 2+2,06:15,03h 00m,09:15,4.5,270.01,3 Seats available
Guwahati to Nagaon (Assam),https://www.redbus.in/bus-tickets/guwahati-to-nagaon,NETWORK TRAVELS,NON A/C Seater (2+2),06:30,03h 30m,10:00,3.7,350,36 Seats available
Guwahati to Nagaon (Assam),https://www.redbus.in/bus-tickets/guwahati-to-nagaon,Chartered Bus - ASTC,Volvo Multi-Axle I-Shift B11R Semi Sleeper (2+2),07:30,02h 00m,09:30,4.6,270.01,11 Seats available
Guwahati to Nagaon (Assam),https://www.redbus.in/bus-tickets/guwahati-to-nagaon,JOY HANUMAN,Non AC Seater (2+2),07:40,02h 50m,10:30,4.2,200,2 Seats available
Guwahati to Nagaon (Assam),https://www.redbus.in/bus-tickets/guwahati-to-nagaon,Chartered Bus - ASTC,Volvo AC Seater Pushback 2+2,08:30,02h 15m,10:45,4.8,324.04,22 Seats available
Guwahati to Nagaon (Assam),https://www.redbus.in/bus-tickets/guwahati-to-nagaon,Kareng Travels,A/C Seater (2+1),09:30,03h 30m,13:00,4.6,300,3 Seats available
Guwahati to Nagaon (Assam),https://www.redbus.in/bus-tickets/guwahati-to-nagaon,Mahalaxmi Travels,A/C Seater (2+2),14:35,02h 00m,16:35,4.2,270,38 Seats available
Guwahati to Nagaon (Assam),https://www.redbus.in/bus-tickets/guwahati-to-nagaon,Mahi Travels(Under ASTC),A/C Seater (2+2),10:00,03h 30m,13:30,3.3,360,20 Seats available
Guwahati to Nagaon (Assam),https://www.redbus.in/bus-tickets/guwahati-to-nagaon,Mahi Travels(Under ASTC),Bharat Benz A/C Seater (2+2),10:30,03h 20m,13:50,4.5,353,29 Seats available
Guwahati to Nagaon (Assam),https://www.redbus.in/bus-tickets/guwahati-to-nagaon,Orient Transline,A/C Seater (2+1),11:30,02h 55m,14:25,4.2,333.33,21 Seats available
Guwahati to Nagaon (Assam),https://www.redbus.in/bus-tickets/guwahati-to-nagaon,Kareng Travels,Non AC Seater (2+2),11:45,03h 00m,14:45,4.2,266,24 Seats available
Guwahati to Nagaon (Assam),https://www.redbus.in/bus-tickets/guwahati-to-nagaon,Orient Transline,A/C Seater (2+1),12:15,02h 45m,15:00,5.0,333.33,22 Seats available
Guwahati to Nagaon (Assam),https://www.redbus.in/bus-tickets/guwahati-to-nagaon,Orient Transline,A/C Seater (2+1),13:00,02h 45m,15:45,3.4,333.33,18 Seats available
Guwahati to Nagaon (Assam),https://www.redbus.in/bus-tickets/guwahati-to-nagaon,Mahi Travels(Under ASTC),A/C Seater (2+2),14:15,02h 00m,16:15,3.9,401,34 Seats available
Guwahati to Nagaon (Assam),https://www.redbus.in/bus-tickets/guwahati-to-nagaon,MAA Anada (UNDER ASTC),AC Seater (2+2),09:30,03h 30m,13:00,2.9,247.5,30 Seats available
Guwahati to Nagaon (Assam),https://www.redbus.in/bus-tickets/guwahati-to-nagaon,DESTINY TRAVELS,NON A/C Seater (2+1),17:45,28h 05m,21:50,2.2,360,28 Seats available
Nagaon (Assam) to Guwahati,https://www.redbus.in/bus-tickets/nagaon-to-guwahati,Assam State Transport Corporation (ASTC) - 145920,Bharat Benz A/C Seater (2+2),07:20,02h 40m,10:00,3.3,191,11 Seats available
Nagaon (Assam) to Guwahati,https://www.redbus.in/bus-tickets/nagaon-to-guwahati,Purple Wings Coaches,A/C Seater / Sleeper (2+1),04:05,02h 40m,06:45,3.7,450,21 Seats available
Nagaon (Assam) to Guwahati,https://www.redbus.in/bus-tickets/nagaon-to-guwahati,MAA Anada (UNDER ASTC),AC Seater (2+2),06:25,02h 05m,08:30,4.3,247.5,20 Seats available
Nagaon (Assam) to Guwahati,https://www.redbus.in/bus-tickets/nagaon-to-guwahati,Kanchan Travels,AC Seater (2+2),06:30,02h 15m,08:45,4.9,288.2,24 Seats available
Nagaon (Assam) to Guwahati,https://www.redbus.in/bus-tickets/nagaon-to-guwahati,Orient Transline,A/C Seater (2+1),07:00,02h 00m,09:00,4.6,333.33,13 Seats available
Nagaon (Assam) to Guwahati,https://www.redbus.in/bus-tickets/nagaon-to-guwahati,Puja (Kaybom),A/C Seater Push Back (2+2),07:50,02h 10m,10:00,4.8,314,27 Seats available
Nagaon (Assam) to Guwahati,https://www.redbus.in/bus-tickets/nagaon-to-guwahati,Mahi Travels(Under ASTC),A/C Seater (2+2),09:10,02h 20m,11:30,5.0,364,27 Seats available
Nagaon (Assam) to Guwahati,https://www.redbus.in/bus-tickets/nagaon-to-guwahati,Mahalaxmi Travels,A/C Seater (2+2),10:55,02h 35m,13:30,3.4,270,37 Seats available
Nagaon (Assam) to Guwahati,https://www.redbus.in/bus-tickets/nagaon-to-guwahati,Orient Transline,A/C Seater (2+1),08:00,02h 10m,10:10,3.6,333.33,11 Seats available
Nagaon (Assam) to Guwahati,https://www.redbus.in/bus-tickets/nagaon-to-guwahati,Orient Transline,A/C Seater (2+1),08:50,02h 10m,11:00,3.4,333.33,21 Seats available
Nagaon (Assam) to Guwahati,https://www.redbus.in/bus-tickets/nagaon-to-guwahati,TRINAYAN TRANSPORT (Under ASTC),A/C Seater (2+1),12:15,02h 15m,14:30,3.7,420,25 Seats available
Nagaon (Assam) to Guwahati,https://www.redbus.in/bus-tickets/nagaon-to-guwahati,NETWORK TRAVELS,NON A/C Seater (2+2),10:00,04h 30m,14:30,3.0,350,40 Seats available
Nagaon (Assam) to Guwahati,https://www.redbus.in/bus-tickets/nagaon-to-guwahati,Baikuntha Transport Service,Bharat Benz A/C Seater (2+1),14:00,03h 00m,17:00,4.6,500,25 Seats available
Nagaon (Assam) to Guwahati,https://www.redbus.in/bus-tickets/nagaon-to-guwahati,Chartered Bus - ASTC,Volvo AC Seater Pushback 2+2,14:30,02h 30m,17:00,5.0,377.79,8 Seats available
Nagaon (Assam) to Guwahati,https://www.redbus.in/bus-tickets/nagaon-to-guwahati,BARBIE TRAVELS,A/C Seater Push Back (2+2),14:50,03h 00m,17:50,4.6,300,34 Seats available
Nagaon (Assam) to Guwahati,https://www.redbus.in/bus-tickets/nagaon-to-guwahati,Chartered Bus - ASTC,Volvo AC Seater Pushback 2+2,16:00,02h 30m,18:30,4.6,324.04,10 Seats available
Nagaon (Assam) to Guwahati,https://www.redbus.in/bus-tickets/nagaon-to-guwahati,Chartered Bus - ASTC,Volvo AC Seater Pushback 2+2,17:00,02h 15m,19:15,2.9,383.46,15 Seats available
Nagaon (Assam) to Guwahati,https://www.redbus.in/bus-tickets/nagaon-to-guwahati,Mahi Travels(Under ASTC),A/C Seater (2+2),06:50,02h 05m,08:55,2.8,312,19 Seats available
Nagaon (Assam) to Guwahati,https://www.redbus.in/bus-tickets/nagaon-to-guwahati,Mahi Travels(Under ASTC),Bharat Benz A/C Seater (2+2),07:15,02h 35m,09:50,1.0,312,34 Seats available
Nagaon (Assam) to Guwahati,https://www.redbus.in/bus-tickets/nagaon-to-guwahati,Kareng Travels,Non AC Seater (2+2),07:15,02h 15m,09:30,2.5,285,1 Seat available
Nagaon (Assam) to Guwahati,https://www.redbus.in/bus-tickets/nagaon-to-guwahati,Pranjit Travels (Under ASTC),Non AC Seater (2+1),11:55,03h 05m,15:00,2.8,400,37 Seats available
Nagaon (Assam) to Guwahati,https://www.redbus.in/bus-tickets/nagaon-to-guwahati,Kareng Travels,Bharat Benz A/C Seater (2+1),13:20,02h 40m,16:00,1.5,300,19 Seats available
Nagaon (Assam) to Guwahati,https://www.redbus.in/bus-tickets/nagaon-to-guwahati,Kareng Travels,Non AC Seater (2+1),14:15,02h 30m,16:45,3.0,300,32 Seats available
Nagaon (Assam) to Guwahati,https://www.redbus.in/bus-tickets/nagaon-to-guwahati,Christina Travels,NON A/C Seater (2+2),16:00,02h 20m,18:20,N/A,650,36 Seats available
Goalpara to Guwahati,https://www.redbus.in/bus-tickets/goalpara-to-guwahati,Assam State Transport Corporation (ASTC) - 175811,NON A/C Seater (2+2),05:40,04h 35m,10:15,3.9,164,31 Seats available
Goalpara to Guwahati,https://www.redbus.in/bus-tickets/goalpara-to-guwahati,Assam State Transport Corporation (ASTC) - 141730,Bharat Benz A/C Seater (2+2),06:10,04h 00m,10:10,4.0,233,17 Seats available
Goalpara to Guwahati,https://www.redbus.in/bus-tickets/goalpara-to-guwahati,Balaji Tours And Travels,NON A/C Seater (2+2),10:45,04h 00m,14:45,1.0,162,33 Seats available
Goalpara to Guwahati,https://www.redbus.in/bus-tickets/goalpara-to-guwahati,Balaji Tours And Travels,NON A/C Seater Push Back (2+2),11:15,04h 20m,15:35,1.7,162,41 Seats available
Jorhat to North Lakhimpur,https://www.redbus.in/bus-tickets/jorhat-to-north-lakhimpur,Padmanav Travels,NON A/C Seater Push Back (2+2),06:00,07h 45m,13:45,3.0,561,25 Seats available
Dhubri to Guwahati,https://www.redbus.in/bus-tickets/dhubri-to-guwahati,Assam State Transport Corporation (ASTC) - 157849,Bharat Benz A/C Seater (2+2),05:00,05h 30m,10:30,3.4,410,13 Seats available
Dhubri to Guwahati,https://www.redbus.in/bus-tickets/dhubri-to-guwahati,Yatra,Non AC Seater (2+2),20:15,07h 15m,03:30,2.1,350,40 Seats available
Dhubri to Guwahati,https://www.redbus.in/bus-tickets/dhubri-to-guwahati,Rizwan Travels,A/C Seater (2+2),04:45,06h 45m,11:30,2.2,340,35 Seats available
Dhubri to Guwahati,https://www.redbus.in/bus-tickets/dhubri-to-guwahati,SREE CHAITANYA,Non AC Seater (2+2),09:45,06h 15m,16:00,1.7,300,43 Seats available
Dhubri to Guwahati,https://www.redbus.in/bus-tickets/dhubri-to-guwahati,Yatra,Non AC Seater (2+2),11:15,07h 30m,18:45,1.5,300,41 Seats available
Dhubri to Guwahati,https://www.redbus.in/bus-tickets/dhubri-to-guwahati,Arifa Travels,Non AC Seater (2+2),05:30,05h 30m,11:00,2.2,300,44 Seats available
Dhubri to Guwahati,https://www.redbus.in/bus-tickets/dhubri-to-guwahati,MAA MONOSHA TRAVELS,NON A/C Seater (2+1),20:00,07h 30m,03:30,2.2,350,38 Seats available
Dhubri to Guwahati,https://www.redbus.in/bus-tickets/dhubri-to-guwahati,Rizwan Travels,Non AC Seater (2+2),12:30,07h 30m,20:00,3.0,300,45 Seats available
Dhubri to Guwahati,https://www.redbus.in/bus-tickets/dhubri-to-guwahati,Yatra,Non AC Seater (2+2),13:15,07h 15m,20:30,2.2,300,41 Seats available
Dhubri to Guwahati,https://www.redbus.in/bus-tickets/dhubri-to-guwahati,Rizwan Travels,Non AC Seater (2+2),12:15,07h 00m,19:15,1.0,300,45 Seats available
Dhubri to Guwahati,https://www.redbus.in/bus-tickets/dhubri-to-guwahati,Arifa Travels,Non AC Seater (2+2),06:40,06h 50m,13:30,N/A,300,44 Seats available
Jorhat to Dibrugarh,https://www.redbus.in/bus-tickets/jorhat-to-dibrugarh,Trishul Transport Service,A/C Seater / Sleeper (2+1),04:00,02h 45m,06:45,3.1,360,1 Seat available
Jorhat to Dibrugarh,https://www.redbus.in/bus-tickets/jorhat-to-dibrugarh,Basudev Transline,A/C Seater (2+2),10:00,04h 10m,14:10,3.4,300,21 Seats available
Jorhat to Dibrugarh,https://www.redbus.in/bus-tickets/jorhat-to-dibrugarh,Aroti Travels (Under ASTC),Non AC Seater (2+2),12:30,03h 50m,16:20,3.9,250,36 Seats available
Jorhat to Dibrugarh,https://www.redbus.in/bus-tickets/jorhat-to-dibrugarh,Baikuntha Transport Service,Bharat Benz A/C Seater /Sleeper (2+1),04:00,03h 15m,07:15,1.9,349,14 Seats available
Jorhat to Dibrugarh,https://www.redbus.in/bus-tickets/jorhat-to-dibrugarh,Ankur Travels (Under ASTC),NON A/C Push Back (2+2),09:20,04h 20m,13:40,2.0,250,31 Seats available
Jorhat to Dibrugarh,https://www.redbus.in/bus-tickets/jorhat-to-dibrugarh,NEELAKANTHA (RIYA),Tempo Traveler NON A/C,10:15,03h 00m,13:15,1.0,250,20 Seats available
Jorhat to Dibrugarh,https://www.redbus.in/bus-tickets/jorhat-to-dibrugarh,NETWORK TRAVELS,NON A/C Seater Push Back (2+1),04:01,04h 29m,08:30,4.6,500,4 Seats available
Jorhat to Dibrugarh,https://www.redbus.in/bus-tickets/jorhat-to-dibrugarh,Purple Wings Coaches,A/C Seater / Sleeper (2+1),01:15,03h 15m,04:30,3.4,629,2 Seats available
Jorhat to Dibrugarh,https://www.redbus.in/bus-tickets/jorhat-to-dibrugarh,GURUNANAK TRAVELS,NON A/C Seater (2+1),02:00,02h 00m,04:00,3.7,500,3 Seats available
Jorhat to Dibrugarh,https://www.redbus.in/bus-tickets/jorhat-to-dibrugarh,Aniruddha Travels,AC Seater (2+2),11:45,04h 30m,16:15,3.7,400,24 Seats available
Jorhat to Dibrugarh,https://www.redbus.in/bus-tickets/jorhat-to-dibrugarh,MADHURIKA TRAVELS,A/C Seater (2+1),12:45,04h 15m,17:00,4.2,550,6 Seats available
Jorhat to Dibrugarh,https://www.redbus.in/bus-tickets/jorhat-to-dibrugarh,Chartered Bus - ASTC,Volvo AC Seater Pushback 2+2,13:30,03h 45m,17:15,4.8,755.58,8 Seats available
Jorhat to Dibrugarh,https://www.redbus.in/bus-tickets/jorhat-to-dibrugarh,SHIVAM TRAVELS,Bharat Benz A/C Seater (2+1),13:30,03h 30m,17:00,4.4,850,12 Seats available
Jorhat to Dibrugarh,https://www.redbus.in/bus-tickets/jorhat-to-dibrugarh,Bashudev Transline (Under ASTC),A/C Seater (2+1),14:10,03h 50m,18:00,4.3,550,8 Seats available
Jorhat to Dibrugarh,https://www.redbus.in/bus-tickets/jorhat-to-dibrugarh,NETWORK TRAVELS,Bharat Benz A/C Seater / Sleeper (2+2),12:15,03h 45m,16:00,2.9,400,14 Seats available
Jorhat to Dibrugarh,https://www.redbus.in/bus-tickets/jorhat-to-dibrugarh,Christina Travels,NON A/C Seater (2+2),12:30,04h 00m,16:30,2.8,420,23 Seats available
North Lakhimpur to Jorhat,https://www.redbus.in/bus-tickets/north-lakhimpur-to-jorhat,Padmanav Travels,NON A/C Seater Push Back (2+2),05:30,08h 05m,13:35,3.6,561,37 Seats available
North Lakhimpur to Sibsagar,https://www.redbus.in/bus-tickets/north-lakhimpur-to-sibsagar,Assam State Transport Corporation (ASTC) - 173044,Non AC Seater (2+2),13:00,03h 30m,16:30,3.4,220,11 Seats available
Guwahati to Dhubri,https://www.redbus.in/bus-tickets/guwahati-to-dhubri,Yatra,Non AC Seater (2+2),08:15,07h 15m,15:30,1.9,350,40 Seats available
Guwahati to Dhubri,https://www.redbus.in/bus-tickets/guwahati-to-dhubri,Yatra,Non AC Seater (2+2),06:30,06h 15m,12:45,1.1,300,40 Seats available
Guwahati to Dhubri,https://www.redbus.in/bus-tickets/guwahati-to-dhubri,SREE CHAITANYA,Non AC Seater (2+2),17:30,05h 30m,23:00,2.2,300,41 Seats available
Guwahati to Dhubri,https://www.redbus.in/bus-tickets/guwahati-to-dhubri,MAA MONOSHA TRAVELS,NON A/C Seater (2+1),10:00,07h 30m,17:30,1.7,350,33 Seats available
Guwahati to Dhubri,https://www.redbus.in/bus-tickets/guwahati-to-dhubri,Rizwan Travels,Non AC Seater (2+2),05:15,06h 15m,11:30,1.0,300,45 Seats available
Guwahati to Dhubri,https://www.redbus.in/bus-tickets/guwahati-to-dhubri,Rizwan Travels,Non AC Seater (2+2),04:45,06h 15m,11:00,N/A,300,45 Seats available
Dhekiajuli to Guwahati,https://www.redbus.in/bus-tickets/dhekiajuli-to-guwahati,Upasana Travels (Under ASTC),A/C Seater (2+2),07:15,03h 25m,10:40,3.4,235,18 Seats available
Dhekiajuli to Guwahati,https://www.redbus.in/bus-tickets/dhekiajuli-to-guwahati,Volenath,Non AC Seater (2+2),05:30,04h 00m,09:30,1.0,234,24 Seats available
Sibsagar to North Lakhimpur,https://www.redbus.in/bus-tickets/sibsagar-to-north-lakhimpur,Assam State Transport Corporation (ASTC) - 173043,Non AC Seater (2+2),07:30,04h 00m,11:30,3.9,220,19 Seats available
Dibrugarh to Jorhat,https://www.redbus.in/bus-tickets/dibrugarh-to-jorhat,Bashudev Transline (Under ASTC),A/C Seater (2+1),06:45,03h 45m,10:30,4.1,550,13 Seats available
Dibrugarh to Jorhat,https://www.redbus.in/bus-tickets/dibrugarh-to-jorhat,Aroti Travels (Under ASTC),Non AC Seater (2+2),06:45,03h 15m,10:00,4.0,250,34 Seats available
Dibrugarh to Jorhat,https://www.redbus.in/bus-tickets/dibrugarh-to-jorhat,NETWORK TRAVELS,Bharat Benz A/C Seater / Sleeper (2+2),07:15,03h 15m,10:30,4.6,400,41 Seats available
Dibrugarh to Jorhat,https://www.redbus.in/bus-tickets/dibrugarh-to-jorhat,SHIVAM TRAVELS,Bharat Benz A/C Seater (2+1),07:30,03h 45m,11:15,4.7,567,18 Seats available
Dibrugarh to Jorhat,https://www.redbus.in/bus-tickets/dibrugarh-to-jorhat,Chartered Bus - ASTC,A/C Seater Push Back (2+2),08:00,03h 00m,11:00,4.8,647.8,25 Seats available
Dibrugarh to Jorhat,https://www.redbus.in/bus-tickets/dibrugarh-to-jorhat,Maa Laxmi,NON A/C Seater Push Back (2+1),17:30,04h 00m,21:30,5.0,513,27 Seats available
Dibrugarh to Jorhat,https://www.redbus.in/bus-tickets/dibrugarh-to-jorhat,Basudev Transline,A/C Seater (2+2),15:15,04h 25m,19:40,3.6,299,27 Seats available
Dibrugarh to Jorhat,https://www.redbus.in/bus-tickets/dibrugarh-to-jorhat,Christina Travels,NON A/C Seater (2+2),08:20,02h 55m,11:15,5.0,650,30 Seats available
Dibrugarh to Jorhat,https://www.redbus.in/bus-tickets/dibrugarh-to-jorhat,Trishul Transport Service,A/C Seater / Sleeper (2+1),19:15,03h 40m,22:55,4.2,495,18 Seats available
Dibrugarh to Jorhat,https://www.redbus.in/bus-tickets/dibrugarh-to-jorhat,Baikuntha Transport Service,Bharat Benz A/C Seater /Sleeper (2+1),19:30,03h 45m,23:15,3.1,400,35 Seats available
Dibrugarh to Jorhat,https://www.redbus.in/bus-tickets/dibrugarh-to-jorhat,Aniruddha Travels,AC Seater (2+2),07:30,03h 40m,11:10,2.7,400,25 Seats available
Dibrugarh to Jorhat,https://www.redbus.in/bus-tickets/dibrugarh-to-jorhat,Purple Wings Coaches,A/C Seater / Sleeper (2+1),19:55,04h 20m,00:15,5.0,540,37 Seats available
Dibrugarh to Jorhat,https://www.redbus.in/bus-tickets/dibrugarh-to-jorhat,Ankur Travels (Under ASTC),NON A/C Push Back (2+2),14:45,04h 45m,19:30,2.9,250,37 Seats available
Dibrugarh to Jorhat,https://www.redbus.in/bus-tickets/dibrugarh-to-jorhat,NEELAKANTHA (RIYA),Tempo Traveler NON A/C,15:15,03h 00m,18:15,1.0,250,20 Seats available
Jorhat to Tinsukia,https://www.redbus.in/bus-tickets/jorhat-to-tinsukia,Assam State Transport Corporation (ASTC) - 154034,A/C Seater (2+1),09:15,05h 45m,15:00,3.0,285,15 Seats available
Jorhat to Tinsukia,https://www.redbus.in/bus-tickets/jorhat-to-tinsukia,NETWORK TRAVELS,Non A/C Seater / Sleeper (2+1),00:30,05h 00m,05:30,3.9,500,2 Seats available
Jorhat to Tinsukia,https://www.redbus.in/bus-tickets/jorhat-to-tinsukia,Purple Wings Coaches,A/C Seater / Sleeper (2+1),01:15,04h 30m,05:45,4.4,639,2 Seats available
Jorhat to Tinsukia,https://www.redbus.in/bus-tickets/jorhat-to-tinsukia,NETWORK TRAVELS,NON A/C Seater Push Back (2+1),04:01,05h 29m,09:30,4.6,500,4 Seats available
Jorhat to Tinsukia,https://www.redbus.in/bus-tickets/jorhat-to-tinsukia,Aniruddha Travels,AC Seater (2+2),11:45,05h 45m,17:30,3.9,400,22 Seats available
Jorhat to Tinsukia,https://www.redbus.in/bus-tickets/jorhat-to-tinsukia,Aroti Travels (Under ASTC),Non AC Seater (2+2),12:30,05h 20m,17:50,3.7,350,36 Seats available
Jorhat to Tinsukia,https://www.redbus.in/bus-tickets/jorhat-to-tinsukia,Christina Travels,NON A/C Seater (2+2),12:30,05h 30m,18:00,3.5,450,22 Seats available
Jorhat to Tinsukia,https://www.redbus.in/bus-tickets/jorhat-to-tinsukia,MADHURIKA TRAVELS,A/C Seater (2+1),12:45,05h 15m,18:00,2.3,600,6 Seats available
Jorhat to Tinsukia,https://www.redbus.in/bus-tickets/jorhat-to-tinsukia,Chartered Bus - ASTC,Volvo AC Seater Pushback 2+2,13:30,05h 00m,18:30,4.4,863.35,7 Seats available
Tezpur to Dibrugarh,https://www.redbus.in/bus-tickets/tezpur-to-dibrugarh,Assam State Transport Corporation (ASTC) - 96880,A/C Seater (2+1),08:00,08h 00m,16:00,3.4,463,13 Seats available
Tezpur to Dibrugarh,https://www.redbus.in/bus-tickets/tezpur-to-dibrugarh,Aniruddha Travels,AC Seater (2+2),07:50,08h 25m,16:15,4.2,500,20 Seats available
Tezpur to Dibrugarh,https://www.redbus.in/bus-tickets/tezpur-to-dibrugarh,Aniruddha Travels,NON A/C Seater/ Sleeper (2+1),19:30,08h 30m,04:00,3.8,600,2 Seats available
Tezpur to Dibrugarh,https://www.redbus.in/bus-tickets/tezpur-to-dibrugarh,Puja Transport,NON AC Seater / Sleeper 2+1,20:00,08h 30m,04:30,3.5,585,2 Seats available
Tezpur to Dibrugarh,https://www.redbus.in/bus-tickets/tezpur-to-dibrugarh,Puja Transport,Non AC Seater (2+2),20:00,09h 00m,05:00,2.9,540,11 Seats available
Tezpur to Dibrugarh,https://www.redbus.in/bus-tickets/tezpur-to-dibrugarh,Maa Laxmi,NON A/C Seater Push Back (2+1),22:15,07h 15m,05:30,1.9,558,28 Seats available
Tezpur to Dibrugarh,https://www.redbus.in/bus-tickets/tezpur-to-dibrugarh,PIHU TRANSPORT,Bharat Benz NON A/C Seater / Sleeper (2+1),19:45,08h 15m,04:00,1.9,550,20 Seats available
Tezpur to Dibrugarh,https://www.redbus.in/bus-tickets/tezpur-to-dibrugarh,Neha Travels,NON A/C Seater (2+2),21:50,08h 40m,06:30,2.1,644,33 Seats available
Tezpur to Dibrugarh,https://www.redbus.in/bus-tickets/tezpur-to-dibrugarh,Neha Travels,NON A/C Seater (2+2),22:10,05h 50m,04:00,2.6,666,26 Seats available
Tezpur to Dibrugarh,https://www.redbus.in/bus-tickets/tezpur-to-dibrugarh,SANJEEBANI TRAVELS,Non A/C Seater / Sleeper (2+1),21:30,07h 30m,05:00,2.7,600,33 Seats available
North Lakhimpur to Tezpur,https://www.redbus.in/bus-tickets/north-lakhimpur-to-tezpur,Assam State Transport Corporation (ASTC) - 170878,Bharat Benz A/C Seater (2+2),07:00,03h 35m,10:35,4.3,333,24 Seats available
North Lakhimpur to Tezpur,https://www.redbus.in/bus-tickets/north-lakhimpur-to-tezpur,Karisma (Aziba),NON A/C Seater (2+1),05:35,04h 10m,09:45,4.7,396,21 Seats available
North Lakhimpur to Tezpur,https://www.redbus.in/bus-tickets/north-lakhimpur-to-tezpur,Pranjit Travels (Under ASTC),Non AC Seater (2+1),05:45,05h 10m,10:55,3.4,500,37 Seats available
North Lakhimpur to Tezpur,https://www.redbus.in/bus-tickets/north-lakhimpur-to-tezpur,Pranjit Travels (Under ASTC),NON A/C Seater (2+1),07:15,04h 15m,11:30,3.5,450,28 Seats available
North Lakhimpur to Tezpur,https://www.redbus.in/bus-tickets/north-lakhimpur-to-tezpur,BARBIE TRAVELS,A/C Seater Push Back (2+2),07:25,05h 45m,13:10,3.0,450,34 Seats available
North Lakhimpur to Tezpur,https://www.redbus.in/bus-tickets/north-lakhimpur-to-tezpur,DESTINY TRAVELS,NON A/C Seater (2+1),20:20,03h 25m,23:45,5.0,419,32 Seats available
North Lakhimpur to Tezpur,https://www.redbus.in/bus-tickets/north-lakhimpur-to-tezpur,Chartered Bus - ASTC,A/C Seater Push Back (2+2),07:45,03h 45m,11:30,4.6,541.16,29 Seats available
North Lakhimpur to Tezpur,https://www.redbus.in/bus-tickets/north-lakhimpur-to-tezpur,Sparrow Travels (Under ASTC),A/C Seater Push Back (2+2),10:40,05h 20m,16:00,3.0,420,40 Seats available
North Lakhimpur to Tezpur,https://www.redbus.in/bus-tickets/north-lakhimpur-to-tezpur,Sparrow Travels (Under ASTC),Non AC Seater (2+2),12:30,06h 15m,18:45,3.0,350,40 Seats available
North Lakhimpur to Tezpur,https://www.redbus.in/bus-tickets/north-lakhimpur-to-tezpur,Mahadev K.P.,Tata A/C Seater (2+2),05:00,05h 15m,10:15,1.8,460,41 Seats available
North Lakhimpur to Tezpur,https://www.redbus.in/bus-tickets/north-lakhimpur-to-tezpur,Mahadev K.P.,Tata A/C Seater (2+2),05:20,05h 10m,10:30,1.8,460,41 Seats available
North Lakhimpur to Tezpur,https://www.redbus.in/bus-tickets/north-lakhimpur-to-tezpur,Narayan Travels,AC Seater (2+2),07:20,05h 25m,12:45,1.3,399,40 Seats available
North Lakhimpur to Tezpur,https://www.redbus.in/bus-tickets/north-lakhimpur-to-tezpur,Ruma Travels (Under ASTC),Non AC Seater (2+2),08:30,07h 00m,15:30,1.5,350,41 Seats available
North Lakhimpur to Tezpur,https://www.redbus.in/bus-tickets/north-lakhimpur-to-tezpur,Debarath,A/C Seater Hi-Tech Push Back (2+2),10:00,05h 45m,15:45,1.7,460,40 Seats available
North Lakhimpur to Tezpur,https://www.redbus.in/bus-tickets/north-lakhimpur-to-tezpur,B.M. Travels (Swastidut) - Under ASTC,Non AC Seater (2+2),10:30,05h 50m,16:20,1.0,350,41 Seats available
North Lakhimpur to Tezpur,https://www.redbus.in/bus-tickets/north-lakhimpur-to-tezpur,Mayur Travels (Under ASTC),Non AC Seater (2+2),12:15,05h 45m,18:00,N/A,350,43 Seats available
Guwahati to Biswanath Charali,https://www.redbus.in/bus-tickets/guwahati-to-biswanath-charali,Assam State Transport Corporation (ASTC) - 173419,Bharat Benz A/C Seater (2+2),07:15,04h 35m,11:50,4.1,412,1 Seat available
Guwahati to Biswanath Charali,https://www.redbus.in/bus-tickets/guwahati-to-biswanath-charali,Assam State Transport Corporation (ASTC) - 174616,A/C Seater (2+1),08:00,05h 30m,13:30,3.8,412,28 Seats available
Guwahati to Biswanath Charali,https://www.redbus.in/bus-tickets/guwahati-to-biswanath-charali,Assam State Transport Corporation (ASTC) - 175310,Bharat Benz A/C Seater (2+2),08:30,05h 00m,13:30,4.0,412,2 Seats available
Guwahati to Biswanath Charali,https://www.redbus.in/bus-tickets/guwahati-to-biswanath-charali,Karisma (Aziba),NON A/C Seater (2+1),05:45,06h 05m,11:50,4.2,396,5 Seats available
Guwahati to Biswanath Charali,https://www.redbus.in/bus-tickets/guwahati-to-biswanath-charali,Yatra Travels,NON A/C Seater (2+1),07:00,05h 40m,12:40,4.3,495,12 Seats available
Guwahati to Biswanath Charali,https://www.redbus.in/bus-tickets/guwahati-to-biswanath-charali,Chartered Bus - ASTC,A/C Seater Push Back (2+2),07:00,05h 00m,12:00,4.7,712.47,2 Seats available
Guwahati to Biswanath Charali,https://www.redbus.in/bus-tickets/guwahati-to-biswanath-charali,BLUE HILL TRAVELS INDIA LIMITED,NON A/C Seater Semi Sleeper (2+1),09:30,05h 30m,15:00,3.6,400,24 Seats available
Guwahati to Biswanath Charali,https://www.redbus.in/bus-tickets/guwahati-to-biswanath-charali,Mahi Travels(Under ASTC),A/C Seater (2+2),10:00,06h 30m,16:30,4.1,500,19 Seats available
Guwahati to Biswanath Charali,https://www.redbus.in/bus-tickets/guwahati-to-biswanath-charali,Orient Transline,A/C Seater (2+1),11:30,05h 40m,17:10,4.2,476.19,19 Seats available
Guwahati to Biswanath Charali,https://www.redbus.in/bus-tickets/guwahati-to-biswanath-charali,Mahalaxmi Travels,A/C Seater (2+2),14:35,05h 25m,20:00,4.8,414,38 Seats available
Guwahati to Biswanath Charali,https://www.redbus.in/bus-tickets/guwahati-to-biswanath-charali,Orient Transline,A/C Seater (2+1),12:15,06h 40m,18:55,3.5,476.19,20 Seats available
Guwahati to Biswanath Charali,https://www.redbus.in/bus-tickets/guwahati-to-biswanath-charali,Orient Transline,A/C Seater (2+1),13:00,06h 10m,19:10,4.0,476.19,17 Seats available
Guwahati to Biswanath Charali,https://www.redbus.in/bus-tickets/guwahati-to-biswanath-charali,Laxmi Travels,Bharat Benz A/C Seater /Sleeper (2+1),19:45,04h 05m,23:50,3.6,630,6 Seats available
Guwahati to Biswanath Charali,https://www.redbus.in/bus-tickets/guwahati-to-biswanath-charali,Yatra Travels,NON A/C Seater (2+1),18:00,07h 30m,01:30,3.7,550,8 Seats available
Guwahati to Biswanath Charali,https://www.redbus.in/bus-tickets/guwahati-to-biswanath-charali,RAYAN TRAVELS,Non A/C Seater / Sleeper (2+1),19:15,06h 45m,02:00,4.6,500,5 Seats available
Guwahati to Biswanath Charali,https://www.redbus.in/bus-tickets/guwahati-to-biswanath-charali,NORTH EAST TRAVELS(UNDER ASTC),NON A/C Seater (2+1),20:15,06h 15m,02:30,2.5,450,5 Seats available
Guwahati to Biswanath Charali,https://www.redbus.in/bus-tickets/guwahati-to-biswanath-charali,PARIJAT TRAVELS(UNDER ASTC),NON A/C Seater (2+1),19:35,06h 25m,02:00,3.8,500,7 Seats available
Guwahati to Biswanath Charali,https://www.redbus.in/bus-tickets/guwahati-to-biswanath-charali,Yatra Travels,NON AC Seater/ Sleeper (2+1),20:00,05h 00m,01:00,4.1,550,5 Seats available
Guwahati to Biswanath Charali,https://www.redbus.in/bus-tickets/guwahati-to-biswanath-charali,MAHARATHI TRANSPORT,NON A/C Semi Sleeper (2+1),20:15,06h 15m,02:30,4.3,450,7 Seats available
Guwahati to Biswanath Charali,https://www.redbus.in/bus-tickets/guwahati-to-biswanath-charali,Mahi Travels(Under ASTC),A/C Seater (2+2),14:15,05h 15m,19:30,4.3,504,25 Seats available
Guwahati to Biswanath Charali,https://www.redbus.in/bus-tickets/guwahati-to-biswanath-charali,Yatra Travels,NON AC Seater/ Sleeper (2+1),20:30,05h 45m,02:15,4.0,550,8 Seats available
Guwahati to Biswanath Charali,https://www.redbus.in/bus-tickets/guwahati-to-biswanath-charali,Maharathi Travels(UNDER ASTC),NON A/C Seater (2+1),20:55,06h 35m,03:30,3.3,475,4 Seats available
Guwahati to Biswanath Charali,https://www.redbus.in/bus-tickets/guwahati-to-biswanath-charali,MAA Anada (UNDER ASTC),AC Seater (2+2),09:30,06h 45m,16:15,2.3,384.3,25 Seats available
Guwahati to Biswanath Charali,https://www.redbus.in/bus-tickets/guwahati-to-biswanath-charali,DONYI POLO EXPRESS,NON A/C Seater (2+1),15:45,06h 00m,21:45,1.3,450,22 Seats available
Guwahati to Biswanath Charali,https://www.redbus.in/bus-tickets/guwahati-to-biswanath-charali,BLUE HILL TRAVELS INDIA LIMITED,NON A/C Seater Semi Sleeper (2+1),20:00,06h 00m,02:00,1.9,600,4 Seats available
Guwahati to Biswanath Charali,https://www.redbus.in/bus-tickets/guwahati-to-biswanath-charali,Chartered Bus - ASTC,AC Seater (2+2),20:00,04h 30m,00:30,4.0,810.32,26 Seats available
Guwahati to Biswanath Charali,https://www.redbus.in/bus-tickets/guwahati-to-biswanath-charali,Mahi Travels(Under ASTC),Bharat Benz A/C Seater (2+2),10:30,06h 30m,17:00,3.4,488,29 Seats available
Guwahati to Biswanath Charali,https://www.redbus.in/bus-tickets/guwahati-to-biswanath-charali,DESTINY TRAVELS,NON A/C Seater (2+1),17:45,30h 39m,00:24,1.0,464,25 Seats available
North Lakhimpur to Dibrugarh,https://www.redbus.in/bus-tickets/north-lakhimpur-to-dibrugarh,Assam State Transport Corporation (ASTC) - 147552,Bharat Benz A/C Seater (2+2),07:30,03h 15m,10:45,4.1,235.62,19 Seats available
North Lakhimpur to Dibrugarh,https://www.redbus.in/bus-tickets/north-lakhimpur-to-dibrugarh,Assam State Transport Corporation (ASTC) - 175508,NON A/C Seater Push Back (2+1),10:00,03h 15m,13:15,4.1,195,26 Seats available
North Lakhimpur to Dibrugarh,https://www.redbus.in/bus-tickets/north-lakhimpur-to-dibrugarh,BARBIE TRAVELS,NON A/C Hi-Tech Push Back (2+2),06:00,04h 20m,10:20,5.0,240,40 Seats available
North Lakhimpur to Dibrugarh,https://www.redbus.in/bus-tickets/north-lakhimpur-to-dibrugarh,BARBIE TRAVELS,NON A/C Hi-Tech Push Back (2+2),07:55,04h 35m,12:30,3.2,240,40 Seats available
North Lakhimpur to Dibrugarh,https://www.redbus.in/bus-tickets/north-lakhimpur-to-dibrugarh,Maa Jagadamba,NON A/C Seater (2+3),09:20,04h 40m,14:00,3.2,240,39 Seats available
North Lakhimpur to Dibrugarh,https://www.redbus.in/bus-tickets/north-lakhimpur-to-dibrugarh,Maa Jagadamba,A/C Seater Push Back (2+2),09:40,04h 45m,14:25,3.2,260,41 Seats available
North Lakhimpur to Dibrugarh,https://www.redbus.in/bus-tickets/north-lakhimpur-to-dibrugarh,BARBIE TRAVELS,A/C Seater Push Back (2+2),10:20,03h 20m,13:40,2.8,280,40 Seats available
North Lakhimpur to Dibrugarh,https://www.redbus.in/bus-tickets/north-lakhimpur-to-dibrugarh,Air Bus Travels,NON AC Seater / Sleeper 2+1,21:00,06h 00m,03:00,3.8,400,37 Seats available
Tinsukia to Jorhat,https://www.redbus.in/bus-tickets/tinsukia-to-jorhat,Assam State Transport Corporation (ASTC) - 154054,A/C Seater (2+1),08:25,05h 05m,13:30,1.0,285,18 Seats available
Tinsukia to Jorhat,https://www.redbus.in/bus-tickets/tinsukia-to-jorhat,Aroti Travels (Under ASTC),Non AC Seater (2+2),05:40,04h 20m,10:00,3.6,350,37 Seats available
Tinsukia to Jorhat,https://www.redbus.in/bus-tickets/tinsukia-to-jorhat,Aniruddha Travels,AC Seater (2+2),06:00,05h 10m,11:10,3.0,400,25 Seats available
Tinsukia to Jorhat,https://www.redbus.in/bus-tickets/tinsukia-to-jorhat,Chartered Bus - ASTC,A/C Seater Push Back (2+2),06:45,04h 15m,11:00,4.8,755.58,25 Seats available
Tinsukia to Jorhat,https://www.redbus.in/bus-tickets/tinsukia-to-jorhat,Christina Travels,NON A/C Seater (2+2),07:00,04h 15m,11:15,5.0,650,35 Seats available
Tinsukia to Jorhat,https://www.redbus.in/bus-tickets/tinsukia-to-jorhat,MADHURIKA TRAVELS,A/C Seater (2+1),07:15,05h 15m,12:30,4.1,650,21 Seats available
Tinsukia to Jorhat,https://www.redbus.in/bus-tickets/tinsukia-to-jorhat,NETWORK TRAVELS,Non A/C Seater / Sleeper (2+1),17:00,06h 00m,23:00,3.8,350,49 Seats available
Tinsukia to Jorhat,https://www.redbus.in/bus-tickets/tinsukia-to-jorhat,Purple Wings Coaches,A/C Seater / Sleeper (2+1),18:30,05h 45m,00:15,3.8,567,43 Seats available
Tinsukia to Jorhat,https://www.redbus.in/bus-tickets/tinsukia-to-jorhat,NETWORK TRAVELS,NON A/C Seater Push Back (2+1),19:00,05h 30m,00:30,4.5,500,35 Seats available
Tezpur to North Lakhimpur,https://www.redbus.in/bus-tickets/tezpur-to-north-lakhimpur,Assam State Transport Corporation (ASTC) - 173419,Bharat Benz A/C Seater (2+2),10:50,04h 10m,15:00,4.1,334,1 Seat available
Tezpur to North Lakhimpur,https://www.redbus.in/bus-tickets/tezpur-to-north-lakhimpur,Sparrow Travels (Under ASTC),A/C Seater Push Back (2+2),05:00,05h 10m,10:10,3.5,420,40 Seats available
Tezpur to North Lakhimpur,https://www.redbus.in/bus-tickets/tezpur-to-north-lakhimpur,Mayur Travels (Under ASTC),Non AC Seater (2+2),05:45,05h 45m,11:30,3.7,350,43 Seats available
Tezpur to North Lakhimpur,https://www.redbus.in/bus-tickets/tezpur-to-north-lakhimpur,Sparrow Travels (Under ASTC),Non AC Seater (2+2),06:30,05h 30m,12:00,4.7,350,39 Seats available
Tezpur to North Lakhimpur,https://www.redbus.in/bus-tickets/tezpur-to-north-lakhimpur,Karisma (Aziba),NON A/C Seater (2+1),10:40,04h 20m,15:00,4.5,396,5 Seats available
Tezpur to North Lakhimpur,https://www.redbus.in/bus-tickets/tezpur-to-north-lakhimpur,Ruma Travels (Under ASTC),Non AC Seater (2+2),09:00,05h 40m,14:40,1.0,350,41 Seats available
Tezpur to North Lakhimpur,https://www.redbus.in/bus-tickets/tezpur-to-north-lakhimpur,Mahadev K.P.,Tata A/C Seater (2+2),11:00,07h 15m,18:15,1.0,460,41 Seats available
Tezpur to North Lakhimpur,https://www.redbus.in/bus-tickets/tezpur-to-north-lakhimpur,Mahadev K.P.,Tata A/C Seater (2+2),11:30,07h 00m,18:30,1.0,460,41 Seats available
Tezpur to North Lakhimpur,https://www.redbus.in/bus-tickets/tezpur-to-north-lakhimpur,Narayan Travels,AC Seater (2+2),14:20,06h 10m,20:30,1.6,399,40 Seats available
Tezpur to North Lakhimpur,https://www.redbus.in/bus-tickets/tezpur-to-north-lakhimpur,DESTINY TRAVELS,NON A/C Seater (2+1),23:45,04h 00m,03:45,4.1,446,28 Seats available
Tezpur to North Lakhimpur,https://www.redbus.in/bus-tickets/tezpur-to-north-lakhimpur,Chartered Bus - ASTC,A/C Seater Push Back (2+2),11:00,04h 00m,15:00,N/A,712.47,3 Seats available
North Lakhimpur to Moran,https://www.redbus.in/bus-tickets/north-lakhimpur-to-moran,Assam State Transport Corporation (ASTC) - 173044,Non AC Seater (2+2),13:00,02h 30m,15:30,4.2,170,11 Seats available
Guwahati to Gohpur,https://www.redbus.in/bus-tickets/guwahati-to-gohpur,Assam State Transport Corporation (ASTC) - 173419,Bharat Benz A/C Seater (2+2),07:15,05h 45m,13:00,3.8,503,1 Seat available
Guwahati to Gohpur,https://www.redbus.in/bus-tickets/guwahati-to-gohpur,Assam State Transport Corporation (ASTC) - 175310,Bharat Benz A/C Seater (2+2),08:30,06h 30m,15:00,4.4,503,1 Seat available
Guwahati to Gohpur,https://www.redbus.in/bus-tickets/guwahati-to-gohpur,Yatra Travels,NON A/C Seater (2+1),07:00,06h 40m,13:40,4.4,495,10 Seats available
Guwahati to Gohpur,https://www.redbus.in/bus-tickets/guwahati-to-gohpur,Chartered Bus - ASTC,A/C Seater Push Back (2+2),07:00,06h 00m,13:00,4.4,755.58,2 Seats available
Guwahati to Gohpur,https://www.redbus.in/bus-tickets/guwahati-to-gohpur,Maharathi Travels(UNDER ASTC),NON A/C Seater (2+1),20:55,07h 05m,04:00,4.4,475,4 Seats available
Guwahati to Gohpur,https://www.redbus.in/bus-tickets/guwahati-to-gohpur,Yatra Travels,NON AC Seater/ Sleeper (2+1),20:00,06h 30m,02:30,4.6,550,5 Seats available
Guwahati to Gohpur,https://www.redbus.in/bus-tickets/guwahati-to-gohpur,KIRAN TRAVELS,A/C Seater (2+1),20:40,08h 20m,05:00,4.1,540,3 Seats available
Guwahati to Gohpur,https://www.redbus.in/bus-tickets/guwahati-to-gohpur,Yatra Travels,NON AC Seater/ Sleeper (2+1),20:30,06h 45m,03:15,4.5,550,7 Seats available
Guwahati to Gohpur,https://www.redbus.in/bus-tickets/guwahati-to-gohpur,Yatra Travels,NON A/C Seater (2+1),18:00,08h 45m,02:45,4.3,550,5 Seats available
Guwahati to Gohpur,https://www.redbus.in/bus-tickets/guwahati-to-gohpur,Laxmi Travels,Bharat Benz A/C Seater /Sleeper (2+1),19:45,06h 45m,02:30,4.0,630,6 Seats available
Guwahati to Gohpur,https://www.redbus.in/bus-tickets/guwahati-to-gohpur,Shopuris Travels,Non AC Seater (2+1),17:30,07h 00m,00:30,3.5,550,32 Seats available
Guwahati to Gohpur,https://www.redbus.in/bus-tickets/guwahati-to-gohpur,MAHARATHI TRANSPORT,NON A/C Semi Sleeper (2+1),20:15,07h 30m,03:45,3.6,450,7 Seats available
Guwahati to Gohpur,https://www.redbus.in/bus-tickets/guwahati-to-gohpur,Deep Travels,NON AC Seater / Sleeper 2+1,21:00,07h 15m,04:15,3.9,499,3 Seats available
Guwahati to Gohpur,https://www.redbus.in/bus-tickets/guwahati-to-gohpur,NORTH EAST TRAVELS(UNDER ASTC),NON A/C Seater (2+1),20:15,07h 45m,04:00,4.0,450,4 Seats available
Guwahati to Gohpur,https://www.redbus.in/bus-tickets/guwahati-to-gohpur,PARIJAT TRAVELS(UNDER ASTC),NON A/C Seater (2+1),19:35,08h 25m,04:00,3.6,550,5 Seats available
Guwahati to Gohpur,https://www.redbus.in/bus-tickets/guwahati-to-gohpur,BLUE HILL TRAVELS INDIA LIMITED,NON A/C Seater Semi Sleeper (2+1),20:00,07h 50m,03:50,3.9,600,18 Seats available
Guwahati to Gohpur,https://www.redbus.in/bus-tickets/guwahati-to-gohpur,Drishti Travels,NON A/C Seater (2+1),17:30,09h 30m,03:00,1.6,432,5 Seats available
Guwahati to Gohpur,https://www.redbus.in/bus-tickets/guwahati-to-gohpur,Drishti Travels,NON A/C Seater (2+1),16:30,09h 30m,02:00,4.1,432,2 Seats available
Guwahati to Gohpur,https://www.redbus.in/bus-tickets/guwahati-to-gohpur,DONYI POLO EXPRESS,NON A/C Seater (2+1),15:45,07h 00m,22:45,5.0,450,22 Seats available
Guwahati to Gohpur,https://www.redbus.in/bus-tickets/guwahati-to-gohpur,Pranjit Travels (Under ASTC),NON A/C Seater (2+1),21:15,07h 30m,04:45,1.3,570,7 Seats available
Guwahati to Gohpur,https://www.redbus.in/bus-tickets/guwahati-to-gohpur,Chartered Bus - ASTC,AC Seater (2+2),20:00,06h 30m,02:30,4.0,810.32,26 Seats available
Guwahati to Gohpur,https://www.redbus.in/bus-tickets/guwahati-to-gohpur,GURUNANAK TRAVELS,NON A/C Seater (2+1),19:00,08h 00m,03:00,1.2,500,9 Seats available
Guwahati to Gohpur,https://www.redbus.in/bus-tickets/guwahati-to-gohpur,DESTINY TRAVELS,NON A/C Seater (2+1),17:45,07h 50m,01:35,4.8,468,25 Seats available
Guwahati to Gohpur,https://www.redbus.in/bus-tickets/guwahati-to-gohpur,BLUE HILL TRAVELS INDIA LIMITED,NON A/C Seater Semi Sleeper (2+1),16:15,09h 15m,01:30,4.3,800,28 Seats available
Guwahati to Gohpur,https://www.redbus.in/bus-tickets/guwahati-to-gohpur,Karisma (Aziba),NON A/C Seater (2+1),05:45,07h 15m,13:00,3.2,475,7 Seats available
Guwahati to Gohpur,https://www.redbus.in/bus-tickets/guwahati-to-gohpur,RAYAN TRAVELS,Non A/C Seater / Sleeper (2+1),19:15,08h 15m,03:30,N/A,500,5 Seats available
Guwahati to Gohpur,https://www.redbus.in/bus-tickets/guwahati-to-gohpur,Sylvan DEE Transport,Non AC Seater (2+1),07:30,06h 30m,14:00,N/A,460,1 Seat available
Guwahati to Kaliabor,https://www.redbus.in/bus-tickets/guwahati-to-kaliabor,Assam State Transport Corporation (ASTC) - 139846,Volvo AC Seater 2+2,06:10,03h 05m,09:15,4.5,259,11 Seats available
Guwahati to Kaliabor,https://www.redbus.in/bus-tickets/guwahati-to-kaliabor,Assam State Transport Corporation (ASTC) - 149849,Volvo AC Seater 2+2,06:30,03h 30m,10:00,4.2,259,1 Seat available
Guwahati to Kaliabor,https://www.redbus.in/bus-tickets/guwahati-to-kaliabor,Assam State Transport Corporation (ASTC) - 143955,Bharat Benz A/C Seater (2+2),07:00,03h 30m,10:30,4.2,259,31 Seats available
Guwahati to Kaliabor,https://www.redbus.in/bus-tickets/guwahati-to-kaliabor,Assam State Transport Corporation (ASTC) - 154910,Bharat Benz A/C Seater (2+2),10:30,03h 30m,14:00,4.2,259,27 Seats available
Guwahati to Kaliabor,https://www.redbus.in/bus-tickets/guwahati-to-kaliabor,Assam State Transport Corporation (ASTC) - 139720,Volvo AC Seater 2+2,13:45,03h 30m,17:15,3.8,259,25 Seats available
Guwahati to Kaliabor,https://www.redbus.in/bus-tickets/guwahati-to-kaliabor,Assam State Transport Corporation (ASTC) - 177276,Tata A/C Seater (2+2),15:15,03h 25m,18:40,4.2,259,16 Seats available
Guwahati to Kaliabor,https://www.redbus.in/bus-tickets/guwahati-to-kaliabor,Chartered Bus - ASTC,Volvo AC Seater Pushback 2+2,06:15,03h 45m,10:00,4.1,389.13,3 Seats available
Guwahati to Kaliabor,https://www.redbus.in/bus-tickets/guwahati-to-kaliabor,Chartered Bus - ASTC,Volvo Multi-Axle I-Shift B11R Semi Sleeper (2+2),07:30,03h 15m,10:45,4.5,410.69,11 Seats available
Guwahati to Kaliabor,https://www.redbus.in/bus-tickets/guwahati-to-kaliabor,Chartered Bus - ASTC,Volvo AC Seater Pushback 2+2,08:30,03h 15m,11:45,4.7,378.12,22 Seats available
Guwahati to Kaliabor,https://www.redbus.in/bus-tickets/guwahati-to-kaliabor,MAA Anada (UNDER ASTC),AC Seater (2+2),09:30,04h 45m,14:15,4.3,292.5,40 Seats available
Guwahati to Kaliabor,https://www.redbus.in/bus-tickets/guwahati-to-kaliabor,Mahi Travels(Under ASTC),A/C Seater (2+2),10:00,04h 45m,14:45,4.2,450,28 Seats available
Guwahati to Kaliabor,https://www.redbus.in/bus-tickets/guwahati-to-kaliabor,Mahi Travels(Under ASTC),Bharat Benz A/C Seater (2+2),10:30,04h 20m,14:50,4.5,440,35 Seats available
Guwahati to Kaliabor,https://www.redbus.in/bus-tickets/guwahati-to-kaliabor,Mahalaxmi Travels,A/C Seater (2+2),14:35,02h 50m,17:25,3.3,270,40 Seats available
Guwahati to Kaliabor,https://www.redbus.in/bus-tickets/guwahati-to-kaliabor,Orient Transline,A/C Seater (2+1),11:30,03h 30m,15:00,3.0,380.95,21 Seats available
Guwahati to Kaliabor,https://www.redbus.in/bus-tickets/guwahati-to-kaliabor,Trishul Transport Service(Under ASTC),A/C Seater Push Back (2+1),11:30,03h 15m,14:45,3.9,495,31 Seats available
Guwahati to Kaliabor,https://www.redbus.in/bus-tickets/guwahati-to-kaliabor,Orient Transline,A/C Seater (2+1),12:15,04h 15m,16:30,3.0,380.95,33 Seats available
Guwahati to Kaliabor,https://www.redbus.in/bus-tickets/guwahati-to-kaliabor,TRINAYAN TRANSPORT (Under ASTC),A/C Seater (2+1),20:15,05h 00m,01:15,3.0,415,35 Seats available
Guwahati to Kaliabor,https://www.redbus.in/bus-tickets/guwahati-to-kaliabor,Orient Transline,A/C Seater (2+1),13:00,03h 20m,16:20,3.0,380.95,37 Seats available
Guwahati to Kaliabor,https://www.redbus.in/bus-tickets/guwahati-to-kaliabor,Puja (Kaybom),A/C Seater Push Back (2+2),17:30,00h 20m,17:50,3.1,285,40 Seats available
Guwahati to Kaliabor,https://www.redbus.in/bus-tickets/guwahati-to-kaliabor,BAIKUNTHA TRAVELS (UNDER ASTC),A/C Seater/Sleeper (2+1),20:00,03h 15m,23:15,2.8,539,39 Seats available
Guwahati to Kaliabor,https://www.redbus.in/bus-tickets/guwahati-to-kaliabor,Christina Travels,NON A/C Seater (2+2),06:00,03h 00m,09:00,1.8,650,25 Seats available
Guwahati to Kaliabor,https://www.redbus.in/bus-tickets/guwahati-to-kaliabor,Rishi India Travels,Non AC Seater (2+1),11:30,03h 30m,15:00,2.4,400,35 Seats available
Guwahati to Kaliabor,https://www.redbus.in/bus-tickets/guwahati-to-kaliabor,Mahi Travels(Under ASTC),A/C Seater (2+2),14:15,03h 15m,17:30,2.4,477,25 Seats available
Guwahati to Kaliabor,https://www.redbus.in/bus-tickets/guwahati-to-kaliabor,Rishi India Travels,Bharat Benz A/C Seater (2+1),06:45,03h 15m,10:00,2.6,450,11 Seats available
Guwahati to Kaliabor,https://www.redbus.in/bus-tickets/guwahati-to-kaliabor,Rishi India Travels,Bharat Benz A/C Seater (2+1),13:15,03h 00m,16:15,2.9,450,38 Seats available
Guwahati to Kaliabor,https://www.redbus.in/bus-tickets/guwahati-to-kaliabor,Rishi India Travels,A/C Seater (2+1),15:15,03h 05m,18:20,N/A,450,33 Seats available
Guwahati to Tumuki (Tezpur Medical),https://www.redbus.in/bus-tickets/guwahati-to-tumuki-tezpur-medical,Assam State Transport Corporation (ASTC) - 139846,Volvo AC Seater 2+2,06:10,04h 35m,10:45,4.3,316,8 Seats available
Dibrugarh to Tezpur,https://www.redbus.in/bus-tickets/dibrugarh-to-tezpur,Assam State Transport Corporation (ASTC) - 163953,NON A/C Seater Push Back (2+1),08:30,07h 30m,16:00,3.1,400,25 Seats available
Dibrugarh to Tezpur,https://www.redbus.in/bus-tickets/dibrugarh-to-tezpur,Aniruddha Travels,AC Seater (2+2),07:30,08h 05m,15:35,4.4,500,25 Seats available
Dibrugarh to Tezpur,https://www.redbus.in/bus-tickets/dibrugarh-to-tezpur,SANJEEBANI TRAVELS,Non A/C Seater / Sleeper (2+1),18:45,08h 15m,03:00,3.1,570,27 Seats available
Dibrugarh to Tezpur,https://www.redbus.in/bus-tickets/dibrugarh-to-tezpur,Puja Transport,NON AC Seater / Sleeper 2+1,20:00,09h 00m,05:00,3.5,540,15 Seats available
Dibrugarh to Tezpur,https://www.redbus.in/bus-tickets/dibrugarh-to-tezpur,PIHU TRANSPORT,Bharat Benz NON A/C Seater / Sleeper (2+1),19:50,08h 40m,04:30,2.9,550,40 Seats available
Dibrugarh to Tezpur,https://www.redbus.in/bus-tickets/dibrugarh-to-tezpur,J.S. Travels,Non AC Seater (2+1),19:00,09h 00m,04:00,2.6,500,31 Seats available
Dibrugarh to Tezpur,https://www.redbus.in/bus-tickets/dibrugarh-to-tezpur,MOON TRAVELS,AC Seater (2+2),09:10,07h 50m,17:00,2.6,600,38 Seats available
Dibrugarh to Tezpur,https://www.redbus.in/bus-tickets/dibrugarh-to-tezpur,Puja Transport,Non AC Seater (2+2),19:15,08h 45m,04:00,2.4,540,23 Seats available
Dibrugarh to Tezpur,https://www.redbus.in/bus-tickets/dibrugarh-to-tezpur,Maa Laxmi,NON A/C Seater Push Back (2+1),17:30,07h 30m,01:00,4.0,558,26 Seats available
Dibrugarh to Tezpur,https://www.redbus.in/bus-tickets/dibrugarh-to-tezpur,Neha Travels,NON A/C Seater (2+2),17:00,10h 15m,03:15,3.1,644,29 Seats available
Dibrugarh to Tezpur,https://www.redbus.in/bus-tickets/dibrugarh-to-tezpur,Neha Travels,NON A/C Sleeper (2+1),17:15,11h 45m,05:00,3.1,639,25 Seats available
Biswanath Charali to Guwahati,https://www.redbus.in/bus-tickets/biswanath-charali-to-guwahati,Assam State Transport Corporation (ASTC) - 153223,Bharat Benz A/C Seater (2+2),08:00,05h 30m,13:30,4.2,412,24 Seats available
Biswanath Charali to Guwahati,https://www.redbus.in/bus-tickets/biswanath-charali-to-guwahati,Assam State Transport Corporation (ASTC) - 170878,Bharat Benz A/C Seater (2+2),09:45,05h 30m,15:15,4.8,412,21 Seats available
Biswanath Charali to Guwahati,https://www.redbus.in/bus-tickets/biswanath-charali-to-guwahati,RAYAN TRAVELS,Non A/C Seater / Sleeper (2+1),00:00,06h 00m,06:00,3.5,400,30 Seats available
Biswanath Charali to Guwahati,https://www.redbus.in/bus-tickets/biswanath-charali-to-guwahati,PARIJAT TRAVELS(UNDER ASTC),NON A/C Seater (2+1),00:00,06h 30m,06:30,5.0,500,14 Seats available
Biswanath Charali to Guwahati,https://www.redbus.in/bus-tickets/biswanath-charali-to-guwahati,Pranjit Travels (Under ASTC),Non AC Seater (2+1),00:15,06h 15m,06:30,3.8,500,29 Seats available
Biswanath Charali to Guwahati,https://www.redbus.in/bus-tickets/biswanath-charali-to-guwahati,Pranjit Travels (Under ASTC),Bharat Benz A/C Seater (2+1),00:30,05h 45m,06:15,3.8,610,10 Seats available
Biswanath Charali to Guwahati,https://www.redbus.in/bus-tickets/biswanath-charali-to-guwahati,Pranjit Travels (Under ASTC),A/C Seater / Sleeper (2+1),00:45,05h 15m,06:00,4.2,550,18 Seats available
Biswanath Charali to Guwahati,https://www.redbus.in/bus-tickets/biswanath-charali-to-guwahati,MAA Anada (UNDER ASTC),AC Seater (2+2),04:00,04h 30m,08:30,3.8,427,20 Seats available
Biswanath Charali to Guwahati,https://www.redbus.in/bus-tickets/biswanath-charali-to-guwahati,Mahalaxmi Travels,A/C Seater (2+2),08:00,05h 30m,13:30,5.0,414,36 Seats available
Biswanath Charali to Guwahati,https://www.redbus.in/bus-tickets/biswanath-charali-to-guwahati,Mahi Travels(Under ASTC),A/C Seater (2+2),04:30,04h 25m,08:55,4.6,447,4 Seats available
Biswanath Charali to Guwahati,https://www.redbus.in/bus-tickets/biswanath-charali-to-guwahati,Kanchan Travels,AC Seater (2+2),04:15,04h 30m,08:45,4.7,428,25 Seats available
Biswanath Charali to Guwahati,https://www.redbus.in/bus-tickets/biswanath-charali-to-guwahati,Orient Transline,A/C Seater (2+1),04:40,04h 20m,09:00,4.5,457.14,13 Seats available
Biswanath Charali to Guwahati,https://www.redbus.in/bus-tickets/biswanath-charali-to-guwahati,Karisma (Aziba),NON A/C Seater (2+1),08:45,05h 25m,14:10,3.3,446,20 Seats available
Biswanath Charali to Guwahati,https://www.redbus.in/bus-tickets/biswanath-charali-to-guwahati,Mahi Travels(Under ASTC),Bharat Benz A/C Seater (2+2),05:00,04h 50m,09:50,4.3,428,23 Seats available
Biswanath Charali to Guwahati,https://www.redbus.in/bus-tickets/biswanath-charali-to-guwahati,Orient Transline,A/C Seater (2+1),05:30,04h 40m,10:10,4.6,476.19,11 Seats available
Biswanath Charali to Guwahati,https://www.redbus.in/bus-tickets/biswanath-charali-to-guwahati,Orient Transline,A/C Seater (2+1),06:10,04h 50m,11:00,4.2,476.19,19 Seats available
Biswanath Charali to Guwahati,https://www.redbus.in/bus-tickets/biswanath-charali-to-guwahati,Mahi Travels(Under ASTC),A/C Seater (2+2),06:30,05h 00m,11:30,4.4,477,27 Seats available
Biswanath Charali to Guwahati,https://www.redbus.in/bus-tickets/biswanath-charali-to-guwahati,Pranjit Travels (Under ASTC),NON A/C Seater (2+1),09:00,06h 00m,15:00,3.3,500,34 Seats available
Biswanath Charali to Guwahati,https://www.redbus.in/bus-tickets/biswanath-charali-to-guwahati,Pranjit Travels (Under ASTC),NON A/C Seater (2+1),10:45,06h 00m,16:45,3.4,500,29 Seats available
Biswanath Charali to Guwahati,https://www.redbus.in/bus-tickets/biswanath-charali-to-guwahati,Yatra Travels,NON A/C Seater (2+1),10:30,06h 30m,17:00,4.2,481,10 Seats available
Biswanath Charali to Guwahati,https://www.redbus.in/bus-tickets/biswanath-charali-to-guwahati,Chartered Bus - ASTC,A/C Seater Push Back (2+2),11:00,05h 15m,16:15,4.6,551.37,25 Seats available
Biswanath Charali to Guwahati,https://www.redbus.in/bus-tickets/biswanath-charali-to-guwahati,BARBIE TRAVELS,A/C Seater Push Back (2+2),11:30,06h 20m,17:50,3.3,450,34 Seats available
Biswanath Charali to Guwahati,https://www.redbus.in/bus-tickets/biswanath-charali-to-guwahati,BLUE HILL TRAVELS INDIA LIMITED,NON A/C Seater Semi Sleeper (2+1),21:30,06h 15m,03:45,3.9,550,18 Seats available
Biswanath Charali to Guwahati,https://www.redbus.in/bus-tickets/biswanath-charali-to-guwahati,Chartered Bus - ASTC,AC Seater (2+2),23:30,06h 00m,05:30,5.0,540.21,33 Seats available
Biswanath Charali to Guwahati,https://www.redbus.in/bus-tickets/biswanath-charali-to-guwahati,Pranjit Travels (Under ASTC),NON A/C Seater (2+1),23:45,06h 15m,06:00,4.0,500,26 Seats available
Biswanath Charali to Guwahati,https://www.redbus.in/bus-tickets/biswanath-charali-to-guwahati,Karisma Travels,NON A/C Seater Push Back (2+1),08:30,05h 30m,14:00,2.7,350,30 Seats available
Biswanath Charali to Guwahati,https://www.redbus.in/bus-tickets/biswanath-charali-to-guwahati,BLUE HILL TRAVELS INDIA LIMITED,NON A/C Seater Semi Sleeper (2+1),20:00,07h 30m,03:30,2.5,450,23 Seats available
Biswanath Charali to Guwahati,https://www.redbus.in/bus-tickets/biswanath-charali-to-guwahati,Shopuris Travels,Non AC Seater (2+1),22:15,05h 45m,04:00,1.4,550,32 Seats available
Biswanath Charali to Guwahati,https://www.redbus.in/bus-tickets/biswanath-charali-to-guwahati,DESTINY TRAVELS,NON A/C Seater (2+1),00:40,05h 05m,05:45,N/A,450,32 Seats available
Dibrugarh to North Lakhimpur,https://www.redbus.in/bus-tickets/dibrugarh-to-north-lakhimpur,Assam State Transport Corporation (ASTC) - 174758,NON A/C Seater Push Back (2+1),08:45,03h 30m,12:15,4.0,200,15 Seats available
Dibrugarh to North Lakhimpur,https://www.redbus.in/bus-tickets/dibrugarh-to-north-lakhimpur,Assam State Transport Corporation (ASTC) - 147556,Bharat Benz A/C Seater (2+2),12:30,03h 15m,15:45,4.3,235.62,21 Seats available
Dibrugarh to North Lakhimpur,https://www.redbus.in/bus-tickets/dibrugarh-to-north-lakhimpur,BARBIE TRAVELS,NON A/C Hi-Tech Push Back (2+2),11:10,04h 20m,15:30,5.0,240,39 Seats available
Dibrugarh to North Lakhimpur,https://www.redbus.in/bus-tickets/dibrugarh-to-north-lakhimpur,BARBIE TRAVELS,NON A/C Hi-Tech Push Back (2+2),13:30,05h 00m,18:30,5.0,240,40 Seats available
Dibrugarh to North Lakhimpur,https://www.redbus.in/bus-tickets/dibrugarh-to-north-lakhimpur,BARBIE TRAVELS,NON A/C Hi-Tech Push Back (2+2),15:30,04h 00m,19:30,5.0,240,40 Seats available
Dibrugarh to North Lakhimpur,https://www.redbus.in/bus-tickets/dibrugarh-to-north-lakhimpur,Maa Jagadamba,A/C Seater Push Back (2+2),16:15,03h 15m,19:30,4.1,260,41 Seats available
Dibrugarh to North Lakhimpur,https://www.redbus.in/bus-tickets/dibrugarh-to-north-lakhimpur,Maa Jagadamba,NON A/C Seater (2+3),16:20,03h 10m,19:30,4.1,250,39 Seats available
Dibrugarh to North Lakhimpur,https://www.redbus.in/bus-tickets/dibrugarh-to-north-lakhimpur,Air Bus Travels,NON AC Seater / Sleeper 2+1,19:40,05h 20m,01:00,3.3,400,25 Seats available
Dibrugarh to North Lakhimpur,https://www.redbus.in/bus-tickets/dibrugarh-to-north-lakhimpur,Air Bus Travels,NON AC Seater / Sleeper 2+1,21:15,04h 45m,02:00,3.7,400,46 Seats available
Moran to North Lakhimpur,https://www.redbus.in/bus-tickets/moran-to-north-lakhimpur,Assam State Transport Corporation (ASTC) - 173043,Non AC Seater (2+2),08:30,03h 00m,11:30,4.4,170,23 Seats available
Tumuki (Tezpur Medical) to Guwahati,https://www.redbus.in/bus-tickets/tumuki-tezpur-medical-to-guwahati,Assam State Transport Corporation (ASTC) - 161055,Volvo AC Seater 2+2,15:15,05h 15m,20:30,3.3,316,6 Seats available
Tumuki (Tezpur Medical) to Guwahati,https://www.redbus.in/bus-tickets/tumuki-tezpur-medical-to-guwahati,Upasana Travels (Under ASTC),A/C Seater (2+2),06:45,03h 55m,10:40,2.8,275,18 Seats available
Biswanath Charali to Dibrugarh,https://www.redbus.in/bus-tickets/biswanath-charali-to-dibrugarh,Assam State Transport Corporation (ASTC) - 175508,NON A/C Seater Push Back (2+1),06:30,06h 45m,13:15,3.4,390,26 Seats available
Biswanath Charali to Dibrugarh,https://www.redbus.in/bus-tickets/biswanath-charali-to-dibrugarh,Air Bus Travels,NON AC Seater / Sleeper 2+1,18:30,07h 30m,02:00,3.3,600,46 Seats available
Gohpur to Guwahati,https://www.redbus.in/bus-tickets/gohpur-to-guwahati,Assam State Transport Corporation (ASTC) - 153223,Bharat Benz A/C Seater (2+2),06:45,06h 45m,13:30,4.5,503,24 Seats available
Gohpur to Guwahati,https://www.redbus.in/bus-tickets/gohpur-to-guwahati,Assam State Transport Corporation (ASTC) - 170878,Bharat Benz A/C Seater (2+2),08:30,06h 45m,15:15,4.1,503,22 Seats available
Gohpur to Guwahati,https://www.redbus.in/bus-tickets/gohpur-to-guwahati,Yatra Travels,NON A/C Seater (2+1),09:00,08h 00m,17:00,4.3,481,11 Seats available
Gohpur to Guwahati,https://www.redbus.in/bus-tickets/gohpur-to-guwahati,Yatra Travels,NON AC Seater/ Sleeper (2+1),23:00,07h 00m,06:00,4.7,481,32 Seats available
Gohpur to Guwahati,https://www.redbus.in/bus-tickets/gohpur-to-guwahati,Pranjit Travels (Under ASTC),A/C Seater / Sleeper (2+1),23:05,06h 55m,06:00,4.7,620,43 Seats available
Gohpur to Guwahati,https://www.redbus.in/bus-tickets/gohpur-to-guwahati,Pranjit Travels (Under ASTC),NON A/C Seater (2+1),08:00,07h 00m,15:00,4.1,570,36 Seats available
Gohpur to Guwahati,https://www.redbus.in/bus-tickets/gohpur-to-guwahati,KIRAN TRAVELS,A/C Seater (2+1),22:50,08h 40m,07:30,4.3,540,17 Seats available
Gohpur to Guwahati,https://www.redbus.in/bus-tickets/gohpur-to-guwahati,Chartered Bus - ASTC,A/C Seater Push Back (2+2),09:30,06h 45m,16:15,4.2,551.37,25 Seats available
Gohpur to Guwahati,https://www.redbus.in/bus-tickets/gohpur-to-guwahati,Yatra Travels,NON AC Seater/ Sleeper (2+1),22:30,07h 45m,06:15,4.5,481,36 Seats available
Gohpur to Guwahati,https://www.redbus.in/bus-tickets/gohpur-to-guwahati,Deep Travels,NON AC Seater / Sleeper 2+1,22:20,06h 40m,05:00,4.1,499,29 Seats available
Gohpur to Guwahati,https://www.redbus.in/bus-tickets/gohpur-to-guwahati,Pranjit Travels (Under ASTC),Bharat Benz A/C Seater (2+1),22:45,07h 30m,06:15,3.3,650,29 Seats available
Gohpur to Guwahati,https://www.redbus.in/bus-tickets/gohpur-to-guwahati,Drishti Travels,NON A/C Seater (2+1),21:00,08h 00m,05:00,3.6,432,28 Seats available
Gohpur to Guwahati,https://www.redbus.in/bus-tickets/gohpur-to-guwahati,Shopuris Travels,Non AC Seater (2+1),21:00,07h 00m,04:00,3.1,550,32 Seats available
Gohpur to Guwahati,https://www.redbus.in/bus-tickets/gohpur-to-guwahati,Drishti Travels,NON A/C Seater (2+1),21:00,08h 30m,05:30,3.6,432,32 Seats available
Gohpur to Guwahati,https://www.redbus.in/bus-tickets/gohpur-to-guwahati,Laxmi Travels,Bharat Benz A/C Seater /Sleeper (2+1),22:45,07h 15m,06:00,3.8,540,34 Seats available
Gohpur to Guwahati,https://www.redbus.in/bus-tickets/gohpur-to-guwahati,PARIJAT TRAVELS(UNDER ASTC),NON A/C Seater (2+1),23:11,07h 19m,06:30,3.6,500,31 Seats available
Gohpur to Guwahati,https://www.redbus.in/bus-tickets/gohpur-to-guwahati,Yatra Travels,NON A/C Seater (2+1),22:35,07h 40m,06:15,3.8,481,23 Seats available
Gohpur to Guwahati,https://www.redbus.in/bus-tickets/gohpur-to-guwahati,Pranjit Travels (Under ASTC),NON A/C Seater (2+1),09:20,07h 25m,16:45,3.9,570,34 Seats available
Gohpur to Guwahati,https://www.redbus.in/bus-tickets/gohpur-to-guwahati,DONYI POLO EXPRESS,NON A/C Seater (2+1),22:00,08h 30m,06:30,4.2,450,24 Seats available
Gohpur to Guwahati,https://www.redbus.in/bus-tickets/gohpur-to-guwahati,BLUE HILL TRAVELS INDIA LIMITED,NON A/C Seater Semi Sleeper (2+1),20:15,07h 30m,03:45,3.4,550,31 Seats available
Gohpur to Guwahati,https://www.redbus.in/bus-tickets/gohpur-to-guwahati,RAYAN TRAVELS,Non A/C Seater / Sleeper (2+1),22:20,07h 40m,06:00,3.8,400,42 Seats available
Gohpur to Guwahati,https://www.redbus.in/bus-tickets/gohpur-to-guwahati,Pranjit Travels (Under ASTC),NON A/C Seater (2+1),22:30,08h 00m,06:30,2.6,570,30 Seats available
Gohpur to Guwahati,https://www.redbus.in/bus-tickets/gohpur-to-guwahati,GURUNANAK TRAVELS,NON A/C Seater (2+1),21:00,08h 00m,05:00,4.1,500,30 Seats available
Gohpur to Guwahati,https://www.redbus.in/bus-tickets/gohpur-to-guwahati,Island Travels (Under ASTC),Non AC Seater (2+1),22:30,07h 30m,06:00,4.0,450,32 Seats available
Gohpur to Guwahati,https://www.redbus.in/bus-tickets/gohpur-to-guwahati,NORTH EAST TRAVELS(UNDER ASTC),NON A/C Seater (2+1),20:00,10h 00m,06:00,3.9,450,25 Seats available
Gohpur to Guwahati,https://www.redbus.in/bus-tickets/gohpur-to-guwahati,Karisma (Aziba),NON A/C Seater (2+1),07:40,06h 30m,14:10,1.9,475,22 Seats available
Gohpur to Guwahati,https://www.redbus.in/bus-tickets/gohpur-to-guwahati,MAHARATHI TRANSPORT,NON A/C Semi Sleeper (2+1),21:30,08h 00m,05:30,2.6,450,24 Seats available
Gohpur to Guwahati,https://www.redbus.in/bus-tickets/gohpur-to-guwahati,Island Travels (Under ASTC),Non AC Seater (2+1),22:45,07h 00m,05:45,1.8,450,32 Seats available
Gohpur to Guwahati,https://www.redbus.in/bus-tickets/gohpur-to-guwahati,BARBIE TRAVELS,A/C Seater Push Back (2+2),10:20,07h 30m,17:50,2.4,500,34 Seats available
Gohpur to Guwahati,https://www.redbus.in/bus-tickets/gohpur-to-guwahati,Pranjit Travels (Under ASTC),NON A/C Seater (2+1),22:15,07h 45m,06:00,3.3,570,26 Seats available
Gohpur to Guwahati,https://www.redbus.in/bus-tickets/gohpur-to-guwahati,DESTINY TRAVELS,NON A/C Seater (2+1),11:15,18h 30m,05:45,3.3,437,32 Seats available
Gohpur to Guwahati,https://www.redbus.in/bus-tickets/gohpur-to-guwahati,Karisma Travels,NON A/C Seater Push Back (2+1),07:30,06h 30m,14:00,3.3,400,30 Seats available
Gohpur to Guwahati,https://www.redbus.in/bus-tickets/gohpur-to-guwahati,Sylvan DEE Transport,Non AC Seater (2+1),21:05,07h 55m,05:00,N/A,470,2 Seats available
Gohpur to Guwahati,https://www.redbus.in/bus-tickets/gohpur-to-guwahati,Sylvan DEE Transport,Non AC Seater (2+1),09:00,08h 00m,17:00,N/A,460,31 Seats available
Gohpur to Guwahati,https://www.redbus.in/bus-tickets/gohpur-to-guwahati,Chartered Bus - ASTC,AC Seater (2+2),22:00,07h 30m,05:30,N/A,540.21,33 Seats available
Sibsagar to Dhemaji,https://www.redbus.in/bus-tickets/sibsagar-to-dhemaji,Assam State Transport Corporation (ASTC) - 173043,Non AC Seater (2+2),07:30,02h 00m,09:30,3.2,150,19 Seats available
North Lakhimpur to Guwahati,https://www.redbus.in/bus-tickets/north-lakhimpur-to-guwahati,Assam State Transport Corporation (ASTC) - 170878,Bharat Benz A/C Seater (2+2),07:00,08h 15m,15:15,4.2,630,21 Seats available
North Lakhimpur to Guwahati,https://www.redbus.in/bus-tickets/north-lakhimpur-to-guwahati,Pranjit Travels (Under ASTC),Bharat Benz A/C Seater (2+1),21:00,09h 15m,06:15,4.2,750,26 Seats available
North Lakhimpur to Guwahati,https://www.redbus.in/bus-tickets/north-lakhimpur-to-guwahati,KIRAN TRAVELS,A/C Seater (2+1),21:20,10h 10m,07:30,4.1,630,17 Seats available
North Lakhimpur to Guwahati,https://www.redbus.in/bus-tickets/north-lakhimpur-to-guwahati,AdYatra Travels,NON A/C Seater (2+1),20:40,09h 35m,06:15,4.0,569,24 Seats available
North Lakhimpur to Guwahati,https://www.redbus.in/bus-tickets/north-lakhimpur-to-guwahati,Pranjit Travels (Under ASTC),A/C Seater / Sleeper (2+1),21:15,08h 45m,06:00,4.0,700,43 Seats available
North Lakhimpur to Guwahati,https://www.redbus.in/bus-tickets/north-lakhimpur-to-guwahati,Yatra Travels,NON AC Seater/ Sleeper (2+1),19:45,10h 30m,06:15,4.3,569,35 Seats available
North Lakhimpur to Guwahati,https://www.redbus.in/bus-tickets/north-lakhimpur-to-guwahati,RAYAN TRAVELS,Non A/C Seater / Sleeper (2+1),20:15,09h 45m,06:00,4.0,500,43 Seats available
North Lakhimpur to Guwahati,https://www.redbus.in/bus-tickets/north-lakhimpur-to-guwahati,Deep Travels,NON AC Seater / Sleeper 2+1,19:30,09h 30m,05:00,3.9,549,29 Seats available
North Lakhimpur to Guwahati,https://www.redbus.in/bus-tickets/north-lakhimpur-to-guwahati,PARIJAT TRAVELS(UNDER ASTC),NON A/C Seater (2+1),20:56,09h 34m,06:30,3.9,600,27 Seats available
North Lakhimpur to Guwahati,https://www.redbus.in/bus-tickets/north-lakhimpur-to-guwahati,Island Travels (Under ASTC),Non AC Seater (2+1),20:45,09h 15m,06:00,3.6,500,27 Seats available
North Lakhimpur to Guwahati,https://www.redbus.in/bus-tickets/north-lakhimpur-to-guwahati,Pranjit Travels (Under ASTC),NON A/C Seater (2+1),07:15,09h 30m,16:45,4.2,600,29 Seats available
North Lakhimpur to Guwahati,https://www.redbus.in/bus-tickets/north-lakhimpur-to-guwahati,Yatra Travels,NON A/C Seater (2+1),07:15,09h 45m,17:00,4.0,569,10 Seats available
North Lakhimpur to Guwahati,https://www.redbus.in/bus-tickets/north-lakhimpur-to-guwahati,Chartered Bus - ASTC,A/C Seater Push Back (2+2),07:45,08h 30m,16:15,3.5,647.8,25 Seats available
North Lakhimpur to Guwahati,https://www.redbus.in/bus-tickets/north-lakhimpur-to-guwahati,Pranjit Travels (Under ASTC),NON A/C Seater (2+1),20:45,09h 45m,06:30,3.6,650,28 Seats available
North Lakhimpur to Guwahati,https://www.redbus.in/bus-tickets/north-lakhimpur-to-guwahati,NETWORK TRAVELS,NON A/C Seater (2+1),08:00,09h 00m,17:00,3.6,570,10 Seats available
North Lakhimpur to Guwahati,https://www.redbus.in/bus-tickets/north-lakhimpur-to-guwahati,NETWORK TRAVELS,NON A/C Seater Push Back (2+1),19:30,09h 30m,05:00,3.9,650,24 Seats available
North Lakhimpur to Guwahati,https://www.redbus.in/bus-tickets/north-lakhimpur-to-guwahati,Yatra Travels,NON AC Seater/ Sleeper (2+1),20:30,09h 30m,06:00,3.9,569,32 Seats available
North Lakhimpur to Guwahati,https://www.redbus.in/bus-tickets/north-lakhimpur-to-guwahati,Pranjit Travels (Under ASTC),NON A/C Seater (2+1),05:45,09h 15m,15:00,3.7,650,34 Seats available
North Lakhimpur to Guwahati,https://www.redbus.in/bus-tickets/north-lakhimpur-to-guwahati,Swapna Super(Under ASTC),Non AC Seater (2+1),19:00,10h 00m,05:00,4.0,540,30 Seats available
North Lakhimpur to Guwahati,https://www.redbus.in/bus-tickets/north-lakhimpur-to-guwahati,GURUNANAK TRAVELS,NON A/C Seater (2+1),18:30,10h 30m,05:00,3.1,600,32 Seats available
North Lakhimpur to Guwahati,https://www.redbus.in/bus-tickets/north-lakhimpur-to-guwahati,MAHARATHI TRANSPORT,NON A/C Seater (2+1),20:20,08h 40m,05:00,3.2,350,27 Seats available
North Lakhimpur to Guwahati,https://www.redbus.in/bus-tickets/north-lakhimpur-to-guwahati,Laxmi Travels,Bharat Benz A/C Seater /Sleeper (2+1),20:50,09h 10m,06:00,4.2,630,34 Seats available
North Lakhimpur to Guwahati,https://www.redbus.in/bus-tickets/north-lakhimpur-to-guwahati,Drishti Travels,NON A/C Seater (2+1),18:30,11h 00m,05:30,3.4,540,32 Seats available
North Lakhimpur to Guwahati,https://www.redbus.in/bus-tickets/north-lakhimpur-to-guwahati,MAHARATHI TRANSPORT,NON A/C Semi Sleeper (2+1),20:00,09h 30m,05:30,4.0,540,24 Seats available
North Lakhimpur to Guwahati,https://www.redbus.in/bus-tickets/north-lakhimpur-to-guwahati,DONYI POLO EXPRESS,NON A/C Seater (2+1),21:00,09h 30m,06:30,2.0,540,24 Seats available
North Lakhimpur to Guwahati,https://www.redbus.in/bus-tickets/north-lakhimpur-to-guwahati,Drishti Travels,NON A/C Seater (2+1),18:30,10h 30m,05:00,3.9,540,32 Seats available
North Lakhimpur to Guwahati,https://www.redbus.in/bus-tickets/north-lakhimpur-to-guwahati,Karisma (Aziba),NON A/C Seater (2+1),05:35,08h 35m,14:10,1.9,545,21 Seats available
North Lakhimpur to Guwahati,https://www.redbus.in/bus-tickets/north-lakhimpur-to-guwahati,DESTINY TRAVELS,NON A/C Seater (2+1),20:20,09h 25m,05:45,4.3,549,32 Seats available
North Lakhimpur to Guwahati,https://www.redbus.in/bus-tickets/north-lakhimpur-to-guwahati,NETWORK TRAVELS,NON A/C Seater Push Back (2+1),20:30,08h 30m,05:00,1.2,570,25 Seats available
North Lakhimpur to Guwahati,https://www.redbus.in/bus-tickets/north-lakhimpur-to-guwahati,BARBIE TRAVELS,A/C Seater Push Back (2+2),07:25,10h 25m,17:50,2.7,550,34 Seats available
North Lakhimpur to Guwahati,https://www.redbus.in/bus-tickets/north-lakhimpur-to-guwahati,Pranjit Travels (Under ASTC),NON A/C Seater (2+1),20:15,09h 45m,06:00,1.9,600,26 Seats available
North Lakhimpur to Guwahati,https://www.redbus.in/bus-tickets/north-lakhimpur-to-guwahati,Green Valley Travels,Non AC Seater (2+2),07:00,10h 00m,17:00,5.0,550,36 Seats available
North Lakhimpur to Guwahati,https://www.redbus.in/bus-tickets/north-lakhimpur-to-guwahati,Chartered Bus - ASTC,AC Seater (2+2),20:15,09h 15m,05:30,2.5,540.21,33 Seats available
North Lakhimpur to Guwahati,https://www.redbus.in/bus-tickets/north-lakhimpur-to-guwahati,Sylvan DEE Transport,Non AC Seater (2+1),06:30,10h 30m,17:00,2.4,570,28 Seats available
North Lakhimpur to Guwahati,https://www.redbus.in/bus-tickets/north-lakhimpur-to-guwahati,Karisma Travels,NON A/C Seater Push Back (2+1),05:30,08h 30m,14:00,1.7,550,30 Seats available
North Lakhimpur to Guwahati,https://www.redbus.in/bus-tickets/north-lakhimpur-to-guwahati,Sylvan DEE Transport,Non AC Seater (2+1),18:30,10h 30m,05:00,N/A,590,2 Seats available
Haflong to Guwahati,https://www.redbus.in/bus-tickets/haflong-to-guwahati,Deep Travels,Non AC Seater (2+1),17:45,10h 45m,04:30,4.1,599,15 Seats available
Haflong to Guwahati,https://www.redbus.in/bus-tickets/haflong-to-guwahati,NETWORK TRAVELS,NON A/C Seater (2+1),18:00,10h 00m,04:00,4.4,600,12 Seats available
Tezpur to Moran,https://www.redbus.in/bus-tickets/tezpur-to-moran,Assam State Transport Corporation (ASTC) - 96880,A/C Seater (2+1),08:00,06h 45m,14:45,3.7,405,13 Seats available
Tezpur to Moran,https://www.redbus.in/bus-tickets/tezpur-to-moran,Aniruddha Travels,AC Seater (2+2),07:50,07h 10m,15:00,4.4,500,20 Seats available
Tezpur to Moran,https://www.redbus.in/bus-tickets/tezpur-to-moran,SANJEEBANI TRAVELS,Non A/C Seater / Sleeper (2+1),21:30,06h 50m,04:20,3.1,600,33 Seats available
Tezpur to Moran,https://www.redbus.in/bus-tickets/tezpur-to-moran,PIHU TRANSPORT,Bharat Benz NON A/C Seater / Sleeper (2+1),19:45,07h 15m,03:00,2.4,520,20 Seats available
Tezpur to Moran,https://www.redbus.in/bus-tickets/tezpur-to-moran,Neha Travels,NON A/C Seater (2+2),22:10,05h 20m,03:30,1.9,666,26 Seats available
Tezpur to Moran,https://www.redbus.in/bus-tickets/tezpur-to-moran,Maa Laxmi,NON A/C Seater Push Back (2+1),22:15,06h 45m,05:00,1.8,513,24 Seats available
Tezpur to Moran,https://www.redbus.in/bus-tickets/tezpur-to-moran,Neha Travels,NON A/C Seater (2+2),21:50,07h 40m,05:30,4.0,644,33 Seats available
Moran to Tezpur,https://www.redbus.in/bus-tickets/moran-to-tezpur,Assam State Transport Corporation (ASTC) - 163953,NON A/C Seater Push Back (2+1),09:30,06h 30m,16:00,3.9,349,25 Seats available
Moran to Tezpur,https://www.redbus.in/bus-tickets/moran-to-tezpur,SANJEEBANI TRAVELS,Non A/C Seater / Sleeper (2+1),20:15,06h 45m,03:00,5.0,570,27 Seats available
Moran to Tezpur,https://www.redbus.in/bus-tickets/moran-to-tezpur,Aniruddha Travels,AC Seater (2+2),08:25,07h 10m,15:35,4.4,500,26 Seats available
Moran to Tezpur,https://www.redbus.in/bus-tickets/moran-to-tezpur,PIHU TRANSPORT,Bharat Benz NON A/C Seater / Sleeper (2+1),20:45,07h 45m,04:30,2.6,520,43 Seats available
Moran to Tezpur,https://www.redbus.in/bus-tickets/moran-to-tezpur,Neha Travels,NON A/C Seater (2+2),18:00,09h 15m,03:15,4.0,644,34 Seats available
Moran to Tezpur,https://www.redbus.in/bus-tickets/moran-to-tezpur,Neha Travels,NON A/C Sleeper (2+1),18:30,10h 30m,05:00,4.0,666,25 Seats available
Moran to Tezpur,https://www.redbus.in/bus-tickets/moran-to-tezpur,Maa Laxmi,NON A/C Seater Push Back (2+1),18:30,06h 30m,01:00,3.3,513,36 Seats available
Moran to Tezpur,https://www.redbus.in/bus-tickets/moran-to-tezpur,MOON TRAVELS,AC Seater (2+2),10:30,06h 30m,17:00,3.1,550,38 Seats available
Bokakhat to Dibrugarh,https://www.redbus.in/bus-tickets/bokakhat-to-dibrugarh,Assam State Transport Corporation (ASTC) - 154034,A/C Seater (2+1),07:30,06h 30m,14:00,3.3,316,15 Seats available
Bokakhat to Dibrugarh,https://www.redbus.in/bus-tickets/bokakhat-to-dibrugarh,Aniruddha Travels,AC Seater (2+2),10:15,06h 00m,16:15,3.3,500,20 Seats available
Bokakhat to Dibrugarh,https://www.redbus.in/bus-tickets/bokakhat-to-dibrugarh,SHIVAM TRAVELS,Bharat Benz A/C Seater (2+1),12:15,04h 45m,17:00,4.8,850,11 Seats available
Bokakhat to Dibrugarh,https://www.redbus.in/bus-tickets/bokakhat-to-dibrugarh,Chartered Bus - ASTC,Volvo AC Seater Pushback 2+2,12:30,04h 45m,17:15,4.5,755.58,5 Seats available
Bokakhat to Dibrugarh,https://www.redbus.in/bus-tickets/bokakhat-to-dibrugarh,Bashudev Transline (Under ASTC),A/C Seater (2+1),12:35,05h 25m,18:00,4.2,550,5 Seats available
Bokakhat to Dibrugarh,https://www.redbus.in/bus-tickets/bokakhat-to-dibrugarh,Aniruddha Travels,NON A/C Seater/ Sleeper (2+1),23:15,04h 45m,04:00,3.1,600,2 Seats available
Bokakhat to Dibrugarh,https://www.redbus.in/bus-tickets/bokakhat-to-dibrugarh,Baikuntha Transport Service,Bharat Benz A/C Seater /Sleeper (2+1),02:00,05h 15m,07:15,1.7,449,6 Seats available
Bokakhat to Dibrugarh,https://www.redbus.in/bus-tickets/bokakhat-to-dibrugarh,Christina Travels,NON A/C Seater (2+2),11:00,05h 30m,16:30,2.8,650,22 Seats available
Bokakhat to Dibrugarh,https://www.redbus.in/bus-tickets/bokakhat-to-dibrugarh,PIHU TRANSPORT,Bharat Benz NON A/C Seater / Sleeper (2+1),23:30,04h 30m,04:00,1.0,500,20 Seats available
North Lakhimpur to Nagaon (Assam),https://www.redbus.in/bus-tickets/north-lakhimpur-to-nagaon,Assam State Transport Corporation (ASTC) - 170878,Bharat Benz A/C Seater (2+2),07:00,05h 45m,12:45,4.6,441,22 Seats available
North Lakhimpur to Nagaon (Assam),https://www.redbus.in/bus-tickets/north-lakhimpur-to-nagaon,Karisma (Aziba),NON A/C Seater (2+1),05:35,06h 05m,11:40,4.7,495,21 Seats available
North Lakhimpur to Nagaon (Assam),https://www.redbus.in/bus-tickets/north-lakhimpur-to-nagaon,Pranjit Travels (Under ASTC),NON A/C Seater (2+1),05:45,07h 15m,13:00,3.1,550,37 Seats available
North Lakhimpur to Nagaon (Assam),https://www.redbus.in/bus-tickets/north-lakhimpur-to-nagaon,Pranjit Travels (Under ASTC),NON A/C Seater (2+1),07:15,07h 00m,14:15,4.3,550,36 Seats available
North Lakhimpur to Nagaon (Assam),https://www.redbus.in/bus-tickets/north-lakhimpur-to-nagaon,Yatra Travels,NON A/C Seater (2+1),07:15,06h 15m,13:30,3.7,525,18 Seats available
North Lakhimpur to Nagaon (Assam),https://www.redbus.in/bus-tickets/north-lakhimpur-to-nagaon,MAHARATHI TRANSPORT,NON A/C Semi Sleeper (2+1),20:00,07h 05m,03:05,3.6,495,24 Seats available
North Lakhimpur to Nagaon (Assam),https://www.redbus.in/bus-tickets/north-lakhimpur-to-nagaon,Drishti Travels,NON A/C Seater (2+1),18:30,08h 00m,02:30,4.3,450,21 Seats available
North Lakhimpur to Nagaon (Assam),https://www.redbus.in/bus-tickets/north-lakhimpur-to-nagaon,BARBIE TRAVELS,A/C Seater Push Back (2+2),07:25,07h 25m,14:50,4.0,500,34 Seats available
North Lakhimpur to Nagaon (Assam),https://www.redbus.in/bus-tickets/north-lakhimpur-to-nagaon,Chartered Bus - ASTC,A/C Seater Push Back (2+2),07:45,05h 30m,13:15,5.0,583.13,25 Seats available
North Lakhimpur to Nagaon (Assam),https://www.redbus.in/bus-tickets/north-lakhimpur-to-nagaon,MAHARATHI TRANSPORT,NON A/C Seater (2+1),20:20,06h 40m,03:00,3.6,300,34 Seats available
North Lakhimpur to Nagaon (Assam),https://www.redbus.in/bus-tickets/north-lakhimpur-to-nagaon,Yatra Travels,NON AC Seater/ Sleeper (2+1),19:45,09h 15m,05:00,3.5,525,39 Seats available
North Lakhimpur to Nagaon (Assam),https://www.redbus.in/bus-tickets/north-lakhimpur-to-nagaon,Yatra Travels,NON AC Seater/ Sleeper (2+1),20:30,08h 00m,04:30,4.5,525,47 Seats available
North Lakhimpur to Nagaon (Assam),https://www.redbus.in/bus-tickets/north-lakhimpur-to-nagaon,PARIJAT TRAVELS(UNDER ASTC),NON A/C Seater (2+1),20:56,06h 04m,03:00,4.3,550,28 Seats available
North Lakhimpur to Nagaon (Assam),https://www.redbus.in/bus-tickets/north-lakhimpur-to-nagaon,Drishti Travels,NON A/C Seater (2+1),18:30,08h 30m,03:00,1.0,450,32 Seats available
North Lakhimpur to Nagaon (Assam),https://www.redbus.in/bus-tickets/north-lakhimpur-to-nagaon,DESTINY TRAVELS,NON A/C Seater (2+1),20:20,05h 10m,01:30,2.0,450,32 Seats available
North Lakhimpur to Nagaon (Assam),https://www.redbus.in/bus-tickets/north-lakhimpur-to-nagaon,GURUNANAK TRAVELS,NON A/C Seater (2+1),18:30,08h 30m,03:00,1.0,600,32 Seats available
North Lakhimpur to Nagaon (Assam),https://www.redbus.in/bus-tickets/north-lakhimpur-to-nagaon,Yatra Travels,NON A/C Seater (2+1),20:40,06h 20m,03:00,2.7,525,25 Seats available
North Lakhimpur to Nagaon (Assam),https://www.redbus.in/bus-tickets/north-lakhimpur-to-nagaon,DONYI POLO EXPRESS,NON A/C Seater (2+1),21:00,06h 00m,03:00,2.9,540,24 Seats available
North Lakhimpur to Nagaon (Assam),https://www.redbus.in/bus-tickets/north-lakhimpur-to-nagaon,KIRAN TRAVELS,A/C Seater (2+1),21:20,07h 10m,04:30,N/A,612,25 Seats available
Bihpuria to Dibrugarh,https://www.redbus.in/bus-tickets/bihpuria-to-dibrugarh,Assam State Transport Corporation (ASTC) - 147552,Bharat Benz A/C Seater (2+2),06:30,04h 15m,10:45,4.5,292.6,19 Seats available
Guwahati to Golaghat,https://www.redbus.in/bus-tickets/guwahati-to-golaghat,RATNAGIRI TRANSPORT,Bharat Benz A/C Seater /Sleeper (2+1),21:31,06h 59m,04:30,4.5,600,13 Seats available
Guwahati to Golaghat,https://www.redbus.in/bus-tickets/guwahati-to-golaghat,RATNAGIRI TRANSPORT,Bharat Benz A/C Seater /Sleeper (2+1),09:15,07h 00m,16:15,4.3,600,8 Seats available
Guwahati to Golaghat,https://www.redbus.in/bus-tickets/guwahati-to-golaghat,NAMBOR TRANSPORT,Bharat Benz A/C Seater (2+1),21:00,07h 00m,04:00,4.2,570,6 Seats available
Guwahati to Golaghat,https://www.redbus.in/bus-tickets/guwahati-to-golaghat,RATNAGIRI TRANSPORT,Bharat Benz A/C Seater (2+1),14:10,06h 45m,20:55,4.2,600,10 Seats available
Guwahati to Golaghat,https://www.redbus.in/bus-tickets/guwahati-to-golaghat,NAMBOR TRANSPORT,Bharat Benz A/C Seater (2+1),14:00,06h 45m,20:45,4.1,570,17 Seats available
Guwahati to Golaghat,https://www.redbus.in/bus-tickets/guwahati-to-golaghat,NAMBOR TRANSPORT,NON A/C Seater (2+1),08:30,07h 15m,15:45,4.1,500,11 Seats available
Guwahati to Golaghat,https://www.redbus.in/bus-tickets/guwahati-to-golaghat,NAMBOR TRANSPORT,Bharat Benz A/C Seater (2+1),10:00,06h 45m,16:45,4.1,570,15 Seats available
Guwahati to Golaghat,https://www.redbus.in/bus-tickets/guwahati-to-golaghat,NAMBOR TRANSPORT,NON A/C Seater (2+1),20:30,06h 45m,03:15,3.5,500,24 Seats available
Guwahati to Golaghat,https://www.redbus.in/bus-tickets/guwahati-to-golaghat,NAMBOR TRANSPORT,Bharat Benz A/C Seater (2+1),06:30,06h 30m,13:00,3.9,570,8 Seats available
Guwahati to Golaghat,https://www.redbus.in/bus-tickets/guwahati-to-golaghat,ZAMZAM TRAVELS,NON A/C Seater (2+1),20:15,07h 15m,03:30,3.9,500,35 Seats available
Guwahati to Golaghat,https://www.redbus.in/bus-tickets/guwahati-to-golaghat,ZAMZAM TRAVELS,A/C Seater (2+1),13:05,07h 25m,20:30,3.9,550,33 Seats available
Dibrugarh to Biswanath Charali,https://www.redbus.in/bus-tickets/dibrugarh-to-biswanath-charali,Assam State Transport Corporation (ASTC) - 174758,NON A/C Seater Push Back (2+1),08:45,06h 15m,15:00,2.3,390,16 Seats available
Dibrugarh to Biswanath Charali,https://www.redbus.in/bus-tickets/dibrugarh-to-biswanath-charali,Air Bus Travels,NON AC Seater / Sleeper 2+1,19:40,09h 20m,05:00,3.3,600,25 Seats available
